row_id,combo_id,platform,device_category,os_or_browser,version_scope,feature,support_declaration,declaration_source,verification_status,device_reality,evidence_ids,in_sold_app,checked_on,confirmed_scope,remaining_limits
AND-PH-LE22:install,AND-PH-LE22,android,phone,Android,Android 5.1 and lower (API <=22),install,declared_unsupported,app/build.gradle minSdkVersion 24 (SRC-AND-GRADLE); sold 4.1.3 minSdk 23,unverified,none,none,unknown,2026-09-30,Nothing was run on this combination for this feature.,TODO: not declared as supported by the current source; a run below the floor would only show whether the installer refuses it.
AND-PH-LE22:open_pack,AND-PH-LE22,android,phone,Android,Android 5.1 and lower (API <=22),open_pack,declared_unsupported,app/build.gradle minSdkVersion 24 (SRC-AND-GRADLE); sold 4.1.3 minSdk 23,unverified,none,none,unknown,2026-09-30,Nothing was run on this combination for this feature.,TODO: not declared as supported by the current source; a run below the floor would only show whether the installer refuses it.
AND-PH-LE22:sound,AND-PH-LE22,android,phone,Android,Android 5.1 and lower (API <=22),sound,declared_unsupported,app/build.gradle minSdkVersion 24 (SRC-AND-GRADLE); sold 4.1.3 minSdk 23,unverified,none,none,unknown,2026-09-30,Nothing was run on this combination for this feature.,TODO: not declared as supported by the current source; a run below the floor would only show whether the installer refuses it.
AND-PH-LE22:led,AND-PH-LE22,android,phone,Android,Android 5.1 and lower (API <=22),led,declared_unsupported,app/build.gradle minSdkVersion 24 (SRC-AND-GRADLE); sold 4.1.3 minSdk 23,unverified,none,none,unknown,2026-09-30,Nothing was run on this combination for this feature.,TODO: not declared as supported by the current source; a run below the floor would only show whether the installer refuses it.
AND-PH-LE22:rotation,AND-PH-LE22,android,phone,Android,Android 5.1 and lower (API <=22),rotation,declared_unsupported,app/build.gradle minSdkVersion 24 (SRC-AND-GRADLE); sold 4.1.3 minSdk 23; the play screen and 7 more of 12 activities are sensorLandscape (SRC-AND-MANIFEST),unverified,none,none,unknown,2026-09-30,Nothing was run on this combination for this feature.,TODO: not declared as supported by the current source; a run below the floor would only show whether the installer refuses it.
AND-PH-LE22:external_connect,AND-PH-LE22,android,phone,Android,Android 5.1 and lower (API <=22),external_connect,declared_unsupported,app/build.gradle minSdkVersion 24 (SRC-AND-GRADLE); sold 4.1.3 minSdk 23; USB host feature is optional (SRC-AND-MANIFEST),unverified,none,none,unknown,2026-09-30,Nothing was run on this combination for this feature.,TODO: not declared as supported by the current source; a run below the floor would only show whether the installer refuses it.
AND-PH-23:install,AND-PH-23,android,phone,Android,Android 6.0 (API 23),install,declared_supported,"sold 4.1.3 (109) declares minSdk 23; main and 4.1.8 (115) declare minSdk 24, so API 23 drops out once 4.1.8 is fully rolled out (SRC-AND-GRADLE, STORE-20260930)",unverified,none,none,unknown,2026-09-30,Nothing was run on this combination for this feature.,"TODO: no run at this API level; the only Android system image installed on the project's test computer is API 35 (device record 81d4c0c2), so no run below or above it exists. Sold 4.1.3 still installs here."
AND-PH-23:open_pack,AND-PH-23,android,phone,Android,Android 6.0 (API 23),open_pack,declared_supported,"sold 4.1.3 (109) declares minSdk 23; main and 4.1.8 (115) declare minSdk 24, so API 23 drops out once 4.1.8 is fully rolled out (SRC-AND-GRADLE, STORE-20260930)",unverified,none,none,unknown,2026-09-30,Nothing was run on this combination for this feature.,"TODO: no run at this API level; the only Android system image installed on the project's test computer is API 35 (device record 81d4c0c2), so no run below or above it exists. Sold 4.1.3 still installs here."
AND-PH-23:sound,AND-PH-23,android,phone,Android,Android 6.0 (API 23),sound,declared_supported,"sold 4.1.3 (109) declares minSdk 23; main and 4.1.8 (115) declare minSdk 24, so API 23 drops out once 4.1.8 is fully rolled out (SRC-AND-GRADLE, STORE-20260930)",unverified,none,none,unknown,2026-09-30,Nothing was run on this combination for this feature.,"TODO: no run at this API level; the only Android system image installed on the project's test computer is API 35 (device record 81d4c0c2), so no run below or above it exists. Sold 4.1.3 still installs here."
AND-PH-23:led,AND-PH-23,android,phone,Android,Android 6.0 (API 23),led,declared_supported,"sold 4.1.3 (109) declares minSdk 23; main and 4.1.8 (115) declare minSdk 24, so API 23 drops out once 4.1.8 is fully rolled out (SRC-AND-GRADLE, STORE-20260930)",unverified,none,none,unknown,2026-09-30,Nothing was run on this combination for this feature.,"TODO: no run at this API level; the only Android system image installed on the project's test computer is API 35 (device record 81d4c0c2), so no run below or above it exists. Sold 4.1.3 still installs here."
AND-PH-23:rotation,AND-PH-23,android,phone,Android,Android 6.0 (API 23),rotation,declared_supported,"sold 4.1.3 (109) declares minSdk 23; main and 4.1.8 (115) declare minSdk 24, so API 23 drops out once 4.1.8 is fully rolled out (SRC-AND-GRADLE, STORE-20260930); the play screen and 7 more of 12 activities are sensorLandscape (SRC-AND-MANIFEST)",unverified,none,none,unknown,2026-09-30,Nothing was run on this combination for this feature.,"TODO: no run at this API level; the only Android system image installed on the project's test computer is API 35 (device record 81d4c0c2), so no run below or above it exists. Sold 4.1.3 still installs here."
AND-PH-23:external_connect,AND-PH-23,android,phone,Android,Android 6.0 (API 23),external_connect,declared_supported,"sold 4.1.3 (109) declares minSdk 23; main and 4.1.8 (115) declare minSdk 24, so API 23 drops out once 4.1.8 is fully rolled out (SRC-AND-GRADLE, STORE-20260930); USB host feature is optional (SRC-AND-MANIFEST)",unverified,none,none,unknown,2026-09-30,Nothing was run on this combination for this feature.,"TODO: no run at this API level; the only Android system image installed on the project's test computer is API 35 (device record 81d4c0c2), so no run below or above it exists. Sold 4.1.3 still installs here."
AND-PH-24-28:install,AND-PH-24-28,android,phone,Android,Android 7.0-9 (API 24-28),install,declared_supported,minSdk 24 .. targetSdk 37 (SRC-AND-GRADLE),unverified,none,none,unknown,2026-09-30,Nothing was run on this combination for this feature.,"TODO: no run at this API level; the only Android system image installed on the project's test computer is API 35 (device record 81d4c0c2), so no run below or above it exists."
AND-PH-24-28:open_pack,AND-PH-24-28,android,phone,Android,Android 7.0-9 (API 24-28),open_pack,declared_supported,minSdk 24 .. targetSdk 37 (SRC-AND-GRADLE),unverified,none,none,unknown,2026-09-30,Nothing was run on this combination for this feature.,"TODO: no run at this API level; the only Android system image installed on the project's test computer is API 35 (device record 81d4c0c2), so no run below or above it exists."
AND-PH-24-28:sound,AND-PH-24-28,android,phone,Android,Android 7.0-9 (API 24-28),sound,declared_supported,minSdk 24 .. targetSdk 37 (SRC-AND-GRADLE),unverified,none,none,unknown,2026-09-30,Nothing was run on this combination for this feature.,"TODO: no run at this API level; the only Android system image installed on the project's test computer is API 35 (device record 81d4c0c2), so no run below or above it exists."
AND-PH-24-28:led,AND-PH-24-28,android,phone,Android,Android 7.0-9 (API 24-28),led,declared_supported,minSdk 24 .. targetSdk 37 (SRC-AND-GRADLE),unverified,none,none,unknown,2026-09-30,Nothing was run on this combination for this feature.,"TODO: no run at this API level; the only Android system image installed on the project's test computer is API 35 (device record 81d4c0c2), so no run below or above it exists."
AND-PH-24-28:rotation,AND-PH-24-28,android,phone,Android,Android 7.0-9 (API 24-28),rotation,declared_supported,minSdk 24 .. targetSdk 37 (SRC-AND-GRADLE); the play screen and 7 more of 12 activities are sensorLandscape (SRC-AND-MANIFEST),unverified,none,none,unknown,2026-09-30,Nothing was run on this combination for this feature.,"TODO: no run at this API level; the only Android system image installed on the project's test computer is API 35 (device record 81d4c0c2), so no run below or above it exists."
AND-PH-24-28:external_connect,AND-PH-24-28,android,phone,Android,Android 7.0-9 (API 24-28),external_connect,declared_supported,minSdk 24 .. targetSdk 37 (SRC-AND-GRADLE); USB host feature is optional (SRC-AND-MANIFEST),unverified,none,none,unknown,2026-09-30,Nothing was run on this combination for this feature.,"TODO: no run at this API level; the only Android system image installed on the project's test computer is API 35 (device record 81d4c0c2), so no run below or above it exists."
AND-PH-29-34:install,AND-PH-29-34,android,phone,Android,Android 10-14 (API 29-34),install,declared_supported,minSdk 24 .. targetSdk 37 (SRC-AND-GRADLE),unverified,none,none,unknown,2026-09-30,Nothing was run on this combination for this feature.,"TODO: no run at this API level; the only Android system image installed on the project's test computer is API 35 (device record 81d4c0c2), so no run below or above it exists."
AND-PH-29-34:open_pack,AND-PH-29-34,android,phone,Android,Android 10-14 (API 29-34),open_pack,declared_supported,minSdk 24 .. targetSdk 37 (SRC-AND-GRADLE),unverified,none,none,unknown,2026-09-30,Nothing was run on this combination for this feature.,"TODO: no run at this API level; the only Android system image installed on the project's test computer is API 35 (device record 81d4c0c2), so no run below or above it exists."
AND-PH-29-34:sound,AND-PH-29-34,android,phone,Android,Android 10-14 (API 29-34),sound,declared_supported,minSdk 24 .. targetSdk 37 (SRC-AND-GRADLE),unverified,none,none,unknown,2026-09-30,Nothing was run on this combination for this feature.,"TODO: no run at this API level; the only Android system image installed on the project's test computer is API 35 (device record 81d4c0c2), so no run below or above it exists."
AND-PH-29-34:led,AND-PH-29-34,android,phone,Android,Android 10-14 (API 29-34),led,declared_supported,minSdk 24 .. targetSdk 37 (SRC-AND-GRADLE),unverified,none,none,unknown,2026-09-30,Nothing was run on this combination for this feature.,"TODO: no run at this API level; the only Android system image installed on the project's test computer is API 35 (device record 81d4c0c2), so no run below or above it exists."
AND-PH-29-34:rotation,AND-PH-29-34,android,phone,Android,Android 10-14 (API 29-34),rotation,declared_supported,minSdk 24 .. targetSdk 37 (SRC-AND-GRADLE); the play screen and 7 more of 12 activities are sensorLandscape (SRC-AND-MANIFEST),unverified,none,none,unknown,2026-09-30,Nothing was run on this combination for this feature.,"TODO: no run at this API level; the only Android system image installed on the project's test computer is API 35 (device record 81d4c0c2), so no run below or above it exists."
AND-PH-29-34:external_connect,AND-PH-29-34,android,phone,Android,Android 10-14 (API 29-34),external_connect,declared_supported,minSdk 24 .. targetSdk 37 (SRC-AND-GRADLE); USB host feature is optional (SRC-AND-MANIFEST),unverified,none,none,unknown,2026-09-30,Nothing was run on this combination for this feature.,"TODO: no run at this API level; the only Android system image installed on the project's test computer is API 35 (device record 81d4c0c2), so no run below or above it exists."
AND-PH-35:install,AND-PH-35,android,phone,Android,Android 15 (API 35),install,declared_supported,minSdk 24 .. targetSdk 37 (SRC-AND-GRADLE),unverified,none,EV-A35-9f4173ac-0925;EV-A35-9f4173ac-0926,unknown,2026-09-26,No matching device-class and OS run. Related records are retained for context: Release APKs built from 94f4e690 and 8fac57e9 were put on one Android 15 (API 35) emulator with adb and launched; the second was installed over the first and kept the packs. No install from Google Play was made.,"The cited records do not confirm this device class and OS, so they cannot carry this row or its sold-build flag. A developer-tool install shows the package installs, not that Google Play offers and delivers it. TODO: install from Google Play on a physical phone."
AND-PH-35:open_pack,AND-PH-35,android,phone,Android,Android 15 (API 35),open_pack,declared_supported,minSdk 24 .. targetSdk 37 (SRC-AND-GRADLE),partial_run,emulator,EV-A35-9f4173ac-0925;EV-A35-9f4173ac-0926;EV-A35-81d4c0c2-0928;EV-A35-a11a6324-0928;EV-A35-efbd9d5c-0923;EV-AND-efbd9d5c-0924,no,2026-09-28,"One Android 15 (API 35) emulator: record 81d4c0c2 states sw411dp (phone size). Faded, already placed in the app folder, was opened and its 8x8 grid shown on a later debug build. Other cited records have unknown device class and are context only. Importing the pack through the app was not seen.","Only the grid was seen, not import. The matching phone-size record is not the sold build; records of unknown device class cannot supply the sold-build flag. Two earlier efbd9d5c records failed for play-menu text, not pack opening. TODO: import a pack through the app's own import path on an emulator, then on a physical phone."
AND-PH-35:sound,AND-PH-35,android,phone,Android,Android 15 (API 35),sound,declared_supported,minSdk 24 .. targetSdk 37 (SRC-AND-GRADLE),unverified,none,EV-A35-9f4173ac-0925;EV-AND-ceb82bd6-0924,unknown,2026-09-25,"No matching device-class and OS run. Related records are retained for context: Android 15 (API 35) emulator, release build of 94f4e690: 284 sound files loaded and the audio output stream was in the started state. No pad sound start was observed and the emulator was muted. A second record saw the stream start and stop around play but names no Android version.","The cited records do not confirm this device class and OS, so they cannot carry this row or its sold-build flag. The stream being open is not a pad sound starting, so this is not counted as working. TODO: observe a pad sound start by log or instrumentation on a named Android version, then an audible and latency check on a physical phone."
AND-PH-35:led,AND-PH-35,android,phone,Android,Android 15 (API 35),led,declared_supported,minSdk 24 .. targetSdk 37 (SRC-AND-GRADLE),verified_run,emulator,EV-A35-9f4173ac-0925;EV-A35-9f4173ac-0926;EV-A35-81d4c0c2-0928;EV-A35-a11a6324-0928;EV-A35-8f66f8fb-0926,no,2026-09-28,"One Android 15 (API 35) emulator with a smallest width of 411 dp (phone size): on-screen pad lights while pads were tapped, on two debug builds of later code (the record that states the device class: ff2cc417 plus an uncommitted fix). The earlier release-build records of 94f4e690 and 8fac57e9 saw the same lights but do not state a device class, so they no longer carry this row.","On-screen light only; a physical Launchpad's lights were never seen. Record 8f66f8fb is marked failed: with a deliberately extreme LED test pack, input stalled for seconds and one ANR was recorded on a build based on the 4.1.8 candidate; the fix (unipad-android#96) landed after the release commit. TODO: rerun the stall case on the sold build; physical Launchpad (see external_connect). TODO: rerun on the sold build with a stated device class."
AND-PH-35:rotation,AND-PH-35,android,phone,Android,Android 15 (API 35),rotation,declared_supported,minSdk 24 .. targetSdk 37 (SRC-AND-GRADLE); the play screen and 7 more of 12 activities are sensorLandscape (SRC-AND-MANIFEST),verified_run,emulator,EV-A35-81d4c0c2-0928;EV-A35-5a6e45ad-0925,no,2026-09-28,"One Android 15 (API 35) emulator with gesture navigation and a display cutout, debug build of ff2cc417 plus an uncommitted fix: play screen in both landscape directions and rotated while playing. A separate record rotated and recreated the file-transfer screen but saved no screenshots.","Not the sold build: the same record shows the released 4.1.7 putting the last pad row under the navigation handle, and the fix (unipad-android#109) landed after the 4.1.8 release commit. TODO: physical phone with a cutout and gesture navigation, on the sold build."
AND-PH-35:external_connect,AND-PH-35,android,phone,Android,Android 15 (API 35),external_connect,declared_supported,minSdk 24 .. targetSdk 37 (SRC-AND-GRADLE); USB host feature is optional (SRC-AND-MANIFEST),unverified,none,EV-A35-9f4173ac-0925,unknown,2026-09-25,Nothing was run on this combination for this feature.,TODO: no USB Launchpad or USB MIDI run on any Android device (device record 9f4173ac lists #77/#78 as unchecked).
AND-PH-36:install,AND-PH-36,android,phone,Android,Android 16 (API 36),install,declared_supported,minSdk 24 .. targetSdk 37 (SRC-AND-GRADLE),unverified,none,none,unknown,2026-09-30,Nothing was run on this combination for this feature.,"TODO: no run at this API level; the only Android system image installed on the project's test computer is API 35 (device record 81d4c0c2), so no run below or above it exists."
AND-PH-36:open_pack,AND-PH-36,android,phone,Android,Android 16 (API 36),open_pack,declared_supported,minSdk 24 .. targetSdk 37 (SRC-AND-GRADLE),unverified,none,none,unknown,2026-09-30,Nothing was run on this combination for this feature.,"TODO: no run at this API level; the only Android system image installed on the project's test computer is API 35 (device record 81d4c0c2), so no run below or above it exists."
AND-PH-36:sound,AND-PH-36,android,phone,Android,Android 16 (API 36),sound,declared_supported,minSdk 24 .. targetSdk 37 (SRC-AND-GRADLE),unverified,none,none,unknown,2026-09-30,Nothing was run on this combination for this feature.,"TODO: no run at this API level; the only Android system image installed on the project's test computer is API 35 (device record 81d4c0c2), so no run below or above it exists."
AND-PH-36:led,AND-PH-36,android,phone,Android,Android 16 (API 36),led,declared_supported,minSdk 24 .. targetSdk 37 (SRC-AND-GRADLE),unverified,none,none,unknown,2026-09-30,Nothing was run on this combination for this feature.,"TODO: no run at this API level; the only Android system image installed on the project's test computer is API 35 (device record 81d4c0c2), so no run below or above it exists."
AND-PH-36:rotation,AND-PH-36,android,phone,Android,Android 16 (API 36),rotation,declared_supported,minSdk 24 .. targetSdk 37 (SRC-AND-GRADLE); the play screen and 7 more of 12 activities are sensorLandscape (SRC-AND-MANIFEST),unverified,none,none,unknown,2026-09-30,Nothing was run on this combination for this feature.,"TODO: no run at this API level; the only Android system image installed on the project's test computer is API 35 (device record 81d4c0c2), so no run below or above it exists."
AND-PH-36:external_connect,AND-PH-36,android,phone,Android,Android 16 (API 36),external_connect,declared_supported,minSdk 24 .. targetSdk 37 (SRC-AND-GRADLE); USB host feature is optional (SRC-AND-MANIFEST),unverified,none,none,unknown,2026-09-30,Nothing was run on this combination for this feature.,"TODO: no run at this API level; the only Android system image installed on the project's test computer is API 35 (device record 81d4c0c2), so no run below or above it exists."
AND-PH-37:install,AND-PH-37,android,phone,Android,Android 17 (API 37),install,declared_supported,minSdk 24 .. targetSdk 37 (SRC-AND-GRADLE),unverified,none,none,unknown,2026-09-30,Nothing was run on this combination for this feature.,"TODO: no run at this API level; the only Android system image installed on the project's test computer is API 35 (device record 81d4c0c2), so no run below or above it exists."
AND-PH-37:open_pack,AND-PH-37,android,phone,Android,Android 17 (API 37),open_pack,declared_supported,minSdk 24 .. targetSdk 37 (SRC-AND-GRADLE),unverified,none,none,unknown,2026-09-30,Nothing was run on this combination for this feature.,"TODO: no run at this API level; the only Android system image installed on the project's test computer is API 35 (device record 81d4c0c2), so no run below or above it exists."
AND-PH-37:sound,AND-PH-37,android,phone,Android,Android 17 (API 37),sound,declared_supported,minSdk 24 .. targetSdk 37 (SRC-AND-GRADLE),unverified,none,none,unknown,2026-09-30,Nothing was run on this combination for this feature.,"TODO: no run at this API level; the only Android system image installed on the project's test computer is API 35 (device record 81d4c0c2), so no run below or above it exists."
AND-PH-37:led,AND-PH-37,android,phone,Android,Android 17 (API 37),led,declared_supported,minSdk 24 .. targetSdk 37 (SRC-AND-GRADLE),unverified,none,none,unknown,2026-09-30,Nothing was run on this combination for this feature.,"TODO: no run at this API level; the only Android system image installed on the project's test computer is API 35 (device record 81d4c0c2), so no run below or above it exists."
AND-PH-37:rotation,AND-PH-37,android,phone,Android,Android 17 (API 37),rotation,declared_supported,minSdk 24 .. targetSdk 37 (SRC-AND-GRADLE); the play screen and 7 more of 12 activities are sensorLandscape (SRC-AND-MANIFEST),unverified,none,none,unknown,2026-09-30,Nothing was run on this combination for this feature.,"TODO: no run at this API level; the only Android system image installed on the project's test computer is API 35 (device record 81d4c0c2), so no run below or above it exists."
AND-PH-37:external_connect,AND-PH-37,android,phone,Android,Android 17 (API 37),external_connect,declared_supported,minSdk 24 .. targetSdk 37 (SRC-AND-GRADLE); USB host feature is optional (SRC-AND-MANIFEST),unverified,none,none,unknown,2026-09-30,Nothing was run on this combination for this feature.,"TODO: no run at this API level; the only Android system image installed on the project's test computer is API 35 (device record 81d4c0c2), so no run below or above it exists."
AND-TB-LE22:install,AND-TB-LE22,android,tablet,Android,Android 5.1 and lower (API <=22),install,declared_unsupported,app/build.gradle minSdkVersion 24 (SRC-AND-GRADLE); sold 4.1.3 minSdk 23,unverified,none,none,unknown,2026-09-30,Nothing was run on this combination for this feature.,"TODO: not declared as supported by the current source; a run below the floor would only show whether the installer refuses it. TODO: no tablet-class Android run exists; Play device-catalog availability for tablets is unchecked (needs Play Console, not used)."
AND-TB-LE22:open_pack,AND-TB-LE22,android,tablet,Android,Android 5.1 and lower (API <=22),open_pack,declared_unsupported,app/build.gradle minSdkVersion 24 (SRC-AND-GRADLE); sold 4.1.3 minSdk 23,unverified,none,none,unknown,2026-09-30,Nothing was run on this combination for this feature.,"TODO: not declared as supported by the current source; a run below the floor would only show whether the installer refuses it. TODO: no tablet-class Android run exists; Play device-catalog availability for tablets is unchecked (needs Play Console, not used)."
AND-TB-LE22:sound,AND-TB-LE22,android,tablet,Android,Android 5.1 and lower (API <=22),sound,declared_unsupported,app/build.gradle minSdkVersion 24 (SRC-AND-GRADLE); sold 4.1.3 minSdk 23,unverified,none,none,unknown,2026-09-30,Nothing was run on this combination for this feature.,"TODO: not declared as supported by the current source; a run below the floor would only show whether the installer refuses it. TODO: no tablet-class Android run exists; Play device-catalog availability for tablets is unchecked (needs Play Console, not used)."
AND-TB-LE22:led,AND-TB-LE22,android,tablet,Android,Android 5.1 and lower (API <=22),led,declared_unsupported,app/build.gradle minSdkVersion 24 (SRC-AND-GRADLE); sold 4.1.3 minSdk 23,unverified,none,none,unknown,2026-09-30,Nothing was run on this combination for this feature.,"TODO: not declared as supported by the current source; a run below the floor would only show whether the installer refuses it. TODO: no tablet-class Android run exists; Play device-catalog availability for tablets is unchecked (needs Play Console, not used)."
AND-TB-LE22:rotation,AND-TB-LE22,android,tablet,Android,Android 5.1 and lower (API <=22),rotation,declared_unsupported,app/build.gradle minSdkVersion 24 (SRC-AND-GRADLE); sold 4.1.3 minSdk 23; the play screen and 7 more of 12 activities are sensorLandscape (SRC-AND-MANIFEST),unverified,none,none,unknown,2026-09-30,Nothing was run on this combination for this feature.,"TODO: not declared as supported by the current source; a run below the floor would only show whether the installer refuses it. TODO: no tablet-class Android run exists; Play device-catalog availability for tablets is unchecked (needs Play Console, not used)."
AND-TB-LE22:external_connect,AND-TB-LE22,android,tablet,Android,Android 5.1 and lower (API <=22),external_connect,declared_unsupported,app/build.gradle minSdkVersion 24 (SRC-AND-GRADLE); sold 4.1.3 minSdk 23; USB host feature is optional (SRC-AND-MANIFEST),unverified,none,none,unknown,2026-09-30,Nothing was run on this combination for this feature.,"TODO: not declared as supported by the current source; a run below the floor would only show whether the installer refuses it. TODO: no tablet-class Android run exists; Play device-catalog availability for tablets is unchecked (needs Play Console, not used)."
AND-TB-23:install,AND-TB-23,android,tablet,Android,Android 6.0 (API 23),install,not_declared,"sold 4.1.3 (109) declares minSdk 23; main and 4.1.8 (115) declare minSdk 24, so API 23 drops out once 4.1.8 is fully rolled out (SRC-AND-GRADLE, STORE-20260930)",unverified,none,none,unknown,2026-09-30,Nothing was run on this combination for this feature.,"TODO: no run at this API level; the only Android system image installed on the project's test computer is API 35 (device record 81d4c0c2), so no run below or above it exists. TODO: no tablet-class Android run exists; Play device-catalog availability for tablets is unchecked (needs Play Console, not used)."
AND-TB-23:open_pack,AND-TB-23,android,tablet,Android,Android 6.0 (API 23),open_pack,not_declared,"sold 4.1.3 (109) declares minSdk 23; main and 4.1.8 (115) declare minSdk 24, so API 23 drops out once 4.1.8 is fully rolled out (SRC-AND-GRADLE, STORE-20260930)",unverified,none,none,unknown,2026-09-30,Nothing was run on this combination for this feature.,"TODO: no run at this API level; the only Android system image installed on the project's test computer is API 35 (device record 81d4c0c2), so no run below or above it exists. TODO: no tablet-class Android run exists; Play device-catalog availability for tablets is unchecked (needs Play Console, not used)."
AND-TB-23:sound,AND-TB-23,android,tablet,Android,Android 6.0 (API 23),sound,not_declared,"sold 4.1.3 (109) declares minSdk 23; main and 4.1.8 (115) declare minSdk 24, so API 23 drops out once 4.1.8 is fully rolled out (SRC-AND-GRADLE, STORE-20260930)",unverified,none,none,unknown,2026-09-30,Nothing was run on this combination for this feature.,"TODO: no run at this API level; the only Android system image installed on the project's test computer is API 35 (device record 81d4c0c2), so no run below or above it exists. TODO: no tablet-class Android run exists; Play device-catalog availability for tablets is unchecked (needs Play Console, not used)."
AND-TB-23:led,AND-TB-23,android,tablet,Android,Android 6.0 (API 23),led,not_declared,"sold 4.1.3 (109) declares minSdk 23; main and 4.1.8 (115) declare minSdk 24, so API 23 drops out once 4.1.8 is fully rolled out (SRC-AND-GRADLE, STORE-20260930)",unverified,none,none,unknown,2026-09-30,Nothing was run on this combination for this feature.,"TODO: no run at this API level; the only Android system image installed on the project's test computer is API 35 (device record 81d4c0c2), so no run below or above it exists. TODO: no tablet-class Android run exists; Play device-catalog availability for tablets is unchecked (needs Play Console, not used)."
AND-TB-23:rotation,AND-TB-23,android,tablet,Android,Android 6.0 (API 23),rotation,not_declared,"sold 4.1.3 (109) declares minSdk 23; main and 4.1.8 (115) declare minSdk 24, so API 23 drops out once 4.1.8 is fully rolled out (SRC-AND-GRADLE, STORE-20260930); the play screen and 7 more of 12 activities are sensorLandscape (SRC-AND-MANIFEST)",unverified,none,none,unknown,2026-09-30,Nothing was run on this combination for this feature.,"TODO: no run at this API level; the only Android system image installed on the project's test computer is API 35 (device record 81d4c0c2), so no run below or above it exists. TODO: no tablet-class Android run exists; Play device-catalog availability for tablets is unchecked (needs Play Console, not used)."
AND-TB-23:external_connect,AND-TB-23,android,tablet,Android,Android 6.0 (API 23),external_connect,not_declared,"sold 4.1.3 (109) declares minSdk 23; main and 4.1.8 (115) declare minSdk 24, so API 23 drops out once 4.1.8 is fully rolled out (SRC-AND-GRADLE, STORE-20260930); USB host feature is optional (SRC-AND-MANIFEST)",unverified,none,none,unknown,2026-09-30,Nothing was run on this combination for this feature.,"TODO: no run at this API level; the only Android system image installed on the project's test computer is API 35 (device record 81d4c0c2), so no run below or above it exists. TODO: no tablet-class Android run exists; Play device-catalog availability for tablets is unchecked (needs Play Console, not used)."
AND-TB-24-28:install,AND-TB-24-28,android,tablet,Android,Android 7.0-9 (API 24-28),install,not_declared,minSdk 24 .. targetSdk 37 (SRC-AND-GRADLE),unverified,none,none,unknown,2026-09-30,Nothing was run on this combination for this feature.,"TODO: no run at this API level; the only Android system image installed on the project's test computer is API 35 (device record 81d4c0c2), so no run below or above it exists. TODO: no tablet-class Android run exists; Play device-catalog availability for tablets is unchecked (needs Play Console, not used)."
AND-TB-24-28:open_pack,AND-TB-24-28,android,tablet,Android,Android 7.0-9 (API 24-28),open_pack,not_declared,minSdk 24 .. targetSdk 37 (SRC-AND-GRADLE),unverified,none,none,unknown,2026-09-30,Nothing was run on this combination for this feature.,"TODO: no run at this API level; the only Android system image installed on the project's test computer is API 35 (device record 81d4c0c2), so no run below or above it exists. TODO: no tablet-class Android run exists; Play device-catalog availability for tablets is unchecked (needs Play Console, not used)."
AND-TB-24-28:sound,AND-TB-24-28,android,tablet,Android,Android 7.0-9 (API 24-28),sound,not_declared,minSdk 24 .. targetSdk 37 (SRC-AND-GRADLE),unverified,none,none,unknown,2026-09-30,Nothing was run on this combination for this feature.,"TODO: no run at this API level; the only Android system image installed on the project's test computer is API 35 (device record 81d4c0c2), so no run below or above it exists. TODO: no tablet-class Android run exists; Play device-catalog availability for tablets is unchecked (needs Play Console, not used)."
AND-TB-24-28:led,AND-TB-24-28,android,tablet,Android,Android 7.0-9 (API 24-28),led,not_declared,minSdk 24 .. targetSdk 37 (SRC-AND-GRADLE),unverified,none,none,unknown,2026-09-30,Nothing was run on this combination for this feature.,"TODO: no run at this API level; the only Android system image installed on the project's test computer is API 35 (device record 81d4c0c2), so no run below or above it exists. TODO: no tablet-class Android run exists; Play device-catalog availability for tablets is unchecked (needs Play Console, not used)."
AND-TB-24-28:rotation,AND-TB-24-28,android,tablet,Android,Android 7.0-9 (API 24-28),rotation,not_declared,minSdk 24 .. targetSdk 37 (SRC-AND-GRADLE); the play screen and 7 more of 12 activities are sensorLandscape (SRC-AND-MANIFEST),unverified,none,none,unknown,2026-09-30,Nothing was run on this combination for this feature.,"TODO: no run at this API level; the only Android system image installed on the project's test computer is API 35 (device record 81d4c0c2), so no run below or above it exists. TODO: no tablet-class Android run exists; Play device-catalog availability for tablets is unchecked (needs Play Console, not used)."
AND-TB-24-28:external_connect,AND-TB-24-28,android,tablet,Android,Android 7.0-9 (API 24-28),external_connect,not_declared,minSdk 24 .. targetSdk 37 (SRC-AND-GRADLE); USB host feature is optional (SRC-AND-MANIFEST),unverified,none,none,unknown,2026-09-30,Nothing was run on this combination for this feature.,"TODO: no run at this API level; the only Android system image installed on the project's test computer is API 35 (device record 81d4c0c2), so no run below or above it exists. TODO: no tablet-class Android run exists; Play device-catalog availability for tablets is unchecked (needs Play Console, not used)."
AND-TB-29-34:install,AND-TB-29-34,android,tablet,Android,Android 10-14 (API 29-34),install,not_declared,minSdk 24 .. targetSdk 37 (SRC-AND-GRADLE),unverified,none,none,unknown,2026-09-30,Nothing was run on this combination for this feature.,"TODO: no run at this API level; the only Android system image installed on the project's test computer is API 35 (device record 81d4c0c2), so no run below or above it exists. TODO: no tablet-class Android run exists; Play device-catalog availability for tablets is unchecked (needs Play Console, not used)."
AND-TB-29-34:open_pack,AND-TB-29-34,android,tablet,Android,Android 10-14 (API 29-34),open_pack,not_declared,minSdk 24 .. targetSdk 37 (SRC-AND-GRADLE),unverified,none,none,unknown,2026-09-30,Nothing was run on this combination for this feature.,"TODO: no run at this API level; the only Android system image installed on the project's test computer is API 35 (device record 81d4c0c2), so no run below or above it exists. TODO: no tablet-class Android run exists; Play device-catalog availability for tablets is unchecked (needs Play Console, not used)."
AND-TB-29-34:sound,AND-TB-29-34,android,tablet,Android,Android 10-14 (API 29-34),sound,not_declared,minSdk 24 .. targetSdk 37 (SRC-AND-GRADLE),unverified,none,none,unknown,2026-09-30,Nothing was run on this combination for this feature.,"TODO: no run at this API level; the only Android system image installed on the project's test computer is API 35 (device record 81d4c0c2), so no run below or above it exists. TODO: no tablet-class Android run exists; Play device-catalog availability for tablets is unchecked (needs Play Console, not used)."
AND-TB-29-34:led,AND-TB-29-34,android,tablet,Android,Android 10-14 (API 29-34),led,not_declared,minSdk 24 .. targetSdk 37 (SRC-AND-GRADLE),unverified,none,none,unknown,2026-09-30,Nothing was run on this combination for this feature.,"TODO: no run at this API level; the only Android system image installed on the project's test computer is API 35 (device record 81d4c0c2), so no run below or above it exists. TODO: no tablet-class Android run exists; Play device-catalog availability for tablets is unchecked (needs Play Console, not used)."
AND-TB-29-34:rotation,AND-TB-29-34,android,tablet,Android,Android 10-14 (API 29-34),rotation,not_declared,minSdk 24 .. targetSdk 37 (SRC-AND-GRADLE); the play screen and 7 more of 12 activities are sensorLandscape (SRC-AND-MANIFEST),unverified,none,none,unknown,2026-09-30,Nothing was run on this combination for this feature.,"TODO: no run at this API level; the only Android system image installed on the project's test computer is API 35 (device record 81d4c0c2), so no run below or above it exists. TODO: no tablet-class Android run exists; Play device-catalog availability for tablets is unchecked (needs Play Console, not used)."
AND-TB-29-34:external_connect,AND-TB-29-34,android,tablet,Android,Android 10-14 (API 29-34),external_connect,not_declared,minSdk 24 .. targetSdk 37 (SRC-AND-GRADLE); USB host feature is optional (SRC-AND-MANIFEST),unverified,none,none,unknown,2026-09-30,Nothing was run on this combination for this feature.,"TODO: no run at this API level; the only Android system image installed on the project's test computer is API 35 (device record 81d4c0c2), so no run below or above it exists. TODO: no tablet-class Android run exists; Play device-catalog availability for tablets is unchecked (needs Play Console, not used)."
AND-TB-35:install,AND-TB-35,android,tablet,Android,Android 15 (API 35),install,not_declared,minSdk 24 .. targetSdk 37 (SRC-AND-GRADLE),unverified,none,EV-A35-9f4173ac-0925,unknown,2026-09-25,Nothing was run on this combination for this feature.,"TODO: no run at this API level; the only Android system image installed on the project's test computer is API 35 (device record 81d4c0c2), so no run below or above it exists. TODO: no tablet-class Android run exists; Play device-catalog availability for tablets is unchecked (needs Play Console, not used)."
AND-TB-35:open_pack,AND-TB-35,android,tablet,Android,Android 15 (API 35),open_pack,not_declared,minSdk 24 .. targetSdk 37 (SRC-AND-GRADLE),unverified,none,EV-A35-9f4173ac-0925,unknown,2026-09-25,Nothing was run on this combination for this feature.,"TODO: no run at this API level; the only Android system image installed on the project's test computer is API 35 (device record 81d4c0c2), so no run below or above it exists. TODO: no tablet-class Android run exists; Play device-catalog availability for tablets is unchecked (needs Play Console, not used)."
AND-TB-35:sound,AND-TB-35,android,tablet,Android,Android 15 (API 35),sound,not_declared,minSdk 24 .. targetSdk 37 (SRC-AND-GRADLE),unverified,none,EV-A35-9f4173ac-0925,unknown,2026-09-25,Nothing was run on this combination for this feature.,"TODO: no run at this API level; the only Android system image installed on the project's test computer is API 35 (device record 81d4c0c2), so no run below or above it exists. TODO: no tablet-class Android run exists; Play device-catalog availability for tablets is unchecked (needs Play Console, not used)."
AND-TB-35:led,AND-TB-35,android,tablet,Android,Android 15 (API 35),led,not_declared,minSdk 24 .. targetSdk 37 (SRC-AND-GRADLE),unverified,none,EV-A35-9f4173ac-0925,unknown,2026-09-25,Nothing was run on this combination for this feature.,"TODO: no run at this API level; the only Android system image installed on the project's test computer is API 35 (device record 81d4c0c2), so no run below or above it exists. TODO: no tablet-class Android run exists; Play device-catalog availability for tablets is unchecked (needs Play Console, not used)."
AND-TB-35:rotation,AND-TB-35,android,tablet,Android,Android 15 (API 35),rotation,not_declared,minSdk 24 .. targetSdk 37 (SRC-AND-GRADLE); the play screen and 7 more of 12 activities are sensorLandscape (SRC-AND-MANIFEST),unverified,none,EV-A35-9f4173ac-0925,unknown,2026-09-25,Nothing was run on this combination for this feature.,"TODO: no run at this API level; the only Android system image installed on the project's test computer is API 35 (device record 81d4c0c2), so no run below or above it exists. TODO: no tablet-class Android run exists; Play device-catalog availability for tablets is unchecked (needs Play Console, not used)."
AND-TB-35:external_connect,AND-TB-35,android,tablet,Android,Android 15 (API 35),external_connect,not_declared,minSdk 24 .. targetSdk 37 (SRC-AND-GRADLE); USB host feature is optional (SRC-AND-MANIFEST),unverified,none,EV-A35-9f4173ac-0925,unknown,2026-09-25,Nothing was run on this combination for this feature.,"TODO: no run at this API level; the only Android system image installed on the project's test computer is API 35 (device record 81d4c0c2), so no run below or above it exists. TODO: no tablet-class Android run exists; Play device-catalog availability for tablets is unchecked (needs Play Console, not used)."
AND-TB-36:install,AND-TB-36,android,tablet,Android,Android 16 (API 36),install,not_declared,minSdk 24 .. targetSdk 37 (SRC-AND-GRADLE),unverified,none,none,unknown,2026-09-30,Nothing was run on this combination for this feature.,"TODO: no run at this API level; the only Android system image installed on the project's test computer is API 35 (device record 81d4c0c2), so no run below or above it exists. TODO: no tablet-class Android run exists; Play device-catalog availability for tablets is unchecked (needs Play Console, not used)."
AND-TB-36:open_pack,AND-TB-36,android,tablet,Android,Android 16 (API 36),open_pack,not_declared,minSdk 24 .. targetSdk 37 (SRC-AND-GRADLE),unverified,none,none,unknown,2026-09-30,Nothing was run on this combination for this feature.,"TODO: no run at this API level; the only Android system image installed on the project's test computer is API 35 (device record 81d4c0c2), so no run below or above it exists. TODO: no tablet-class Android run exists; Play device-catalog availability for tablets is unchecked (needs Play Console, not used)."
AND-TB-36:sound,AND-TB-36,android,tablet,Android,Android 16 (API 36),sound,not_declared,minSdk 24 .. targetSdk 37 (SRC-AND-GRADLE),unverified,none,none,unknown,2026-09-30,Nothing was run on this combination for this feature.,"TODO: no run at this API level; the only Android system image installed on the project's test computer is API 35 (device record 81d4c0c2), so no run below or above it exists. TODO: no tablet-class Android run exists; Play device-catalog availability for tablets is unchecked (needs Play Console, not used)."
AND-TB-36:led,AND-TB-36,android,tablet,Android,Android 16 (API 36),led,not_declared,minSdk 24 .. targetSdk 37 (SRC-AND-GRADLE),unverified,none,none,unknown,2026-09-30,Nothing was run on this combination for this feature.,"TODO: no run at this API level; the only Android system image installed on the project's test computer is API 35 (device record 81d4c0c2), so no run below or above it exists. TODO: no tablet-class Android run exists; Play device-catalog availability for tablets is unchecked (needs Play Console, not used)."
AND-TB-36:rotation,AND-TB-36,android,tablet,Android,Android 16 (API 36),rotation,not_declared,minSdk 24 .. targetSdk 37 (SRC-AND-GRADLE); the play screen and 7 more of 12 activities are sensorLandscape (SRC-AND-MANIFEST),unverified,none,none,unknown,2026-09-30,Nothing was run on this combination for this feature.,"TODO: no run at this API level; the only Android system image installed on the project's test computer is API 35 (device record 81d4c0c2), so no run below or above it exists. TODO: no tablet-class Android run exists; Play device-catalog availability for tablets is unchecked (needs Play Console, not used)."
AND-TB-36:external_connect,AND-TB-36,android,tablet,Android,Android 16 (API 36),external_connect,not_declared,minSdk 24 .. targetSdk 37 (SRC-AND-GRADLE); USB host feature is optional (SRC-AND-MANIFEST),unverified,none,none,unknown,2026-09-30,Nothing was run on this combination for this feature.,"TODO: no run at this API level; the only Android system image installed on the project's test computer is API 35 (device record 81d4c0c2), so no run below or above it exists. TODO: no tablet-class Android run exists; Play device-catalog availability for tablets is unchecked (needs Play Console, not used)."
AND-TB-37:install,AND-TB-37,android,tablet,Android,Android 17 (API 37),install,not_declared,minSdk 24 .. targetSdk 37 (SRC-AND-GRADLE),unverified,none,none,unknown,2026-09-30,Nothing was run on this combination for this feature.,"TODO: no run at this API level; the only Android system image installed on the project's test computer is API 35 (device record 81d4c0c2), so no run below or above it exists. TODO: no tablet-class Android run exists; Play device-catalog availability for tablets is unchecked (needs Play Console, not used)."
AND-TB-37:open_pack,AND-TB-37,android,tablet,Android,Android 17 (API 37),open_pack,not_declared,minSdk 24 .. targetSdk 37 (SRC-AND-GRADLE),unverified,none,none,unknown,2026-09-30,Nothing was run on this combination for this feature.,"TODO: no run at this API level; the only Android system image installed on the project's test computer is API 35 (device record 81d4c0c2), so no run below or above it exists. TODO: no tablet-class Android run exists; Play device-catalog availability for tablets is unchecked (needs Play Console, not used)."
AND-TB-37:sound,AND-TB-37,android,tablet,Android,Android 17 (API 37),sound,not_declared,minSdk 24 .. targetSdk 37 (SRC-AND-GRADLE),unverified,none,none,unknown,2026-09-30,Nothing was run on this combination for this feature.,"TODO: no run at this API level; the only Android system image installed on the project's test computer is API 35 (device record 81d4c0c2), so no run below or above it exists. TODO: no tablet-class Android run exists; Play device-catalog availability for tablets is unchecked (needs Play Console, not used)."
AND-TB-37:led,AND-TB-37,android,tablet,Android,Android 17 (API 37),led,not_declared,minSdk 24 .. targetSdk 37 (SRC-AND-GRADLE),unverified,none,none,unknown,2026-09-30,Nothing was run on this combination for this feature.,"TODO: no run at this API level; the only Android system image installed on the project's test computer is API 35 (device record 81d4c0c2), so no run below or above it exists. TODO: no tablet-class Android run exists; Play device-catalog availability for tablets is unchecked (needs Play Console, not used)."
AND-TB-37:rotation,AND-TB-37,android,tablet,Android,Android 17 (API 37),rotation,not_declared,minSdk 24 .. targetSdk 37 (SRC-AND-GRADLE); the play screen and 7 more of 12 activities are sensorLandscape (SRC-AND-MANIFEST),unverified,none,none,unknown,2026-09-30,Nothing was run on this combination for this feature.,"TODO: no run at this API level; the only Android system image installed on the project's test computer is API 35 (device record 81d4c0c2), so no run below or above it exists. TODO: no tablet-class Android run exists; Play device-catalog availability for tablets is unchecked (needs Play Console, not used)."
AND-TB-37:external_connect,AND-TB-37,android,tablet,Android,Android 17 (API 37),external_connect,not_declared,minSdk 24 .. targetSdk 37 (SRC-AND-GRADLE); USB host feature is optional (SRC-AND-MANIFEST),unverified,none,none,unknown,2026-09-30,Nothing was run on this combination for this feature.,"TODO: no run at this API level; the only Android system image installed on the project's test computer is API 35 (device record 81d4c0c2), so no run below or above it exists. TODO: no tablet-class Android run exists; Play device-catalog availability for tablets is unchecked (needs Play Console, not used)."
IOS-PH-LE16:install,IOS-PH-LE16,ios,phone,iOS,iOS/iPadOS 16 and lower,install,declared_unsupported,IPHONEOS_DEPLOYMENT_TARGET 17.0 (SRC-IOS-PBX),unverified,none,none,unknown,2026-09-30,Nothing was run on this combination for this feature.,TODO: outside the declared floor; only the App Store install refusal would need a check.
IOS-PH-LE16:open_pack,IOS-PH-LE16,ios,phone,iOS,iOS/iPadOS 16 and lower,open_pack,declared_unsupported,IPHONEOS_DEPLOYMENT_TARGET 17.0 (SRC-IOS-PBX),unverified,none,none,unknown,2026-09-30,Nothing was run on this combination for this feature.,TODO: outside the declared floor; only the App Store install refusal would need a check.
IOS-PH-LE16:sound,IOS-PH-LE16,ios,phone,iOS,iOS/iPadOS 16 and lower,sound,declared_unsupported,IPHONEOS_DEPLOYMENT_TARGET 17.0 (SRC-IOS-PBX),unverified,none,none,unknown,2026-09-30,Nothing was run on this combination for this feature.,TODO: outside the declared floor; only the App Store install refusal would need a check.
IOS-PH-LE16:led,IOS-PH-LE16,ios,phone,iOS,iOS/iPadOS 16 and lower,led,declared_unsupported,IPHONEOS_DEPLOYMENT_TARGET 17.0 (SRC-IOS-PBX),unverified,none,none,unknown,2026-09-30,Nothing was run on this combination for this feature.,TODO: outside the declared floor; only the App Store install refusal would need a check.
IOS-PH-LE16:rotation,IOS-PH-LE16,ios,phone,iOS,iOS/iPadOS 16 and lower,rotation,declared_unsupported,"IPHONEOS_DEPLOYMENT_TARGET 17.0 (SRC-IOS-PBX); landscape-only, UIRequiresFullScreen (SRC-IOS-PBX)",unverified,none,none,unknown,2026-09-30,Nothing was run on this combination for this feature.,TODO: outside the declared floor; only the App Store install refusal would need a check.
IOS-PH-LE16:external_connect,IOS-PH-LE16,ios,phone,iOS,iOS/iPadOS 16 and lower,external_connect,declared_unsupported,IPHONEOS_DEPLOYMENT_TARGET 17.0 (SRC-IOS-PBX),unverified,none,none,unknown,2026-09-30,Nothing was run on this combination for this feature.,TODO: outside the declared floor; only the App Store install refusal would need a check. TODO: no CoreMIDI Launchpad run on any iOS device.
IOS-PH-17:install,IOS-PH-17,ios,phone,iOS,17.x,install,declared_supported,"deployment target 17.0, lowered from 26.2 in 0933159 on 2026-09-15 (SRC-IOS-PBX)",unverified,none,EV-I17-9532e26d-0925-blocked,unknown,2026-09-25,"Nothing was run: no iOS 17 simulator runtime could be started (device record 9532e26d, blocked).",TODO: iOS 17 could not be run: the installed Xcode has no iOS 17 simulator runtime (device record 9532e26d: blocked).
IOS-PH-17:open_pack,IOS-PH-17,ios,phone,iOS,17.x,open_pack,declared_supported,"deployment target 17.0, lowered from 26.2 in 0933159 on 2026-09-15 (SRC-IOS-PBX)",unverified,none,EV-I17-9532e26d-0925-blocked,unknown,2026-09-25,"Nothing was run: no iOS 17 simulator runtime could be started (device record 9532e26d, blocked).",TODO: iOS 17 could not be run: the installed Xcode has no iOS 17 simulator runtime (device record 9532e26d: blocked).
IOS-PH-17:sound,IOS-PH-17,ios,phone,iOS,17.x,sound,declared_supported,"deployment target 17.0, lowered from 26.2 in 0933159 on 2026-09-15 (SRC-IOS-PBX)",unverified,none,EV-I17-9532e26d-0925-blocked,unknown,2026-09-25,"Nothing was run: no iOS 17 simulator runtime could be started (device record 9532e26d, blocked).",TODO: iOS 17 could not be run: the installed Xcode has no iOS 17 simulator runtime (device record 9532e26d: blocked).
IOS-PH-17:led,IOS-PH-17,ios,phone,iOS,17.x,led,declared_supported,"deployment target 17.0, lowered from 26.2 in 0933159 on 2026-09-15 (SRC-IOS-PBX)",unverified,none,EV-I17-9532e26d-0925-blocked,unknown,2026-09-25,"Nothing was run: no iOS 17 simulator runtime could be started (device record 9532e26d, blocked).",TODO: iOS 17 could not be run: the installed Xcode has no iOS 17 simulator runtime (device record 9532e26d: blocked).
IOS-PH-17:rotation,IOS-PH-17,ios,phone,iOS,17.x,rotation,declared_supported,"deployment target 17.0, lowered from 26.2 in 0933159 on 2026-09-15 (SRC-IOS-PBX); landscape-only, UIRequiresFullScreen (SRC-IOS-PBX)",unverified,none,EV-I17-9532e26d-0925-blocked,unknown,2026-09-25,"Nothing was run: no iOS 17 simulator runtime could be started (device record 9532e26d, blocked).",TODO: iOS 17 could not be run: the installed Xcode has no iOS 17 simulator runtime (device record 9532e26d: blocked).
IOS-PH-17:external_connect,IOS-PH-17,ios,phone,iOS,17.x,external_connect,declared_supported,"deployment target 17.0, lowered from 26.2 in 0933159 on 2026-09-15 (SRC-IOS-PBX)",unverified,none,EV-I17-9532e26d-0925-blocked,unknown,2026-09-25,"Nothing was run: no iOS 17 simulator runtime could be started (device record 9532e26d, blocked).",TODO: iOS 17 could not be run: the installed Xcode has no iOS 17 simulator runtime (device record 9532e26d: blocked). TODO: no CoreMIDI Launchpad run on any iOS device.
IOS-PH-18:install,IOS-PH-18,ios,phone,iOS,18.x,install,declared_supported,deployment target 17.0 (SRC-IOS-PBX),unverified,none,EV-I263-9532e26d-0925,unknown,2026-09-25,Nothing was run on this combination for this feature.,TODO: iOS 18 could not be run: no 18 simulator runtime installed (device record 9532e26d).
IOS-PH-18:open_pack,IOS-PH-18,ios,phone,iOS,18.x,open_pack,declared_supported,deployment target 17.0 (SRC-IOS-PBX),unverified,none,EV-I263-9532e26d-0925,unknown,2026-09-25,Nothing was run on this combination for this feature.,TODO: iOS 18 could not be run: no 18 simulator runtime installed (device record 9532e26d).
IOS-PH-18:sound,IOS-PH-18,ios,phone,iOS,18.x,sound,declared_supported,deployment target 17.0 (SRC-IOS-PBX),unverified,none,EV-I263-9532e26d-0925,unknown,2026-09-25,Nothing was run on this combination for this feature.,TODO: iOS 18 could not be run: no 18 simulator runtime installed (device record 9532e26d).
IOS-PH-18:led,IOS-PH-18,ios,phone,iOS,18.x,led,declared_supported,deployment target 17.0 (SRC-IOS-PBX),unverified,none,EV-I263-9532e26d-0925,unknown,2026-09-25,Nothing was run on this combination for this feature.,TODO: iOS 18 could not be run: no 18 simulator runtime installed (device record 9532e26d).
IOS-PH-18:rotation,IOS-PH-18,ios,phone,iOS,18.x,rotation,declared_supported,"deployment target 17.0 (SRC-IOS-PBX); landscape-only, UIRequiresFullScreen (SRC-IOS-PBX)",unverified,none,EV-I263-9532e26d-0925,unknown,2026-09-25,Nothing was run on this combination for this feature.,TODO: iOS 18 could not be run: no 18 simulator runtime installed (device record 9532e26d).
IOS-PH-18:external_connect,IOS-PH-18,ios,phone,iOS,18.x,external_connect,declared_supported,deployment target 17.0 (SRC-IOS-PBX),unverified,none,EV-I263-9532e26d-0925,unknown,2026-09-25,Nothing was run on this combination for this feature.,TODO: iOS 18 could not be run: no 18 simulator runtime installed (device record 9532e26d). TODO: no CoreMIDI Launchpad run on any iOS device.
IOS-PH-26:install,IOS-PH-26,ios,phone,iOS,26.x,install,declared_supported,deployment target 17.0 (SRC-IOS-PBX),partial_run,simulator,EV-I263-9532e26d-0925;EV-I264-607bd6bf-0925,yes,2026-09-25,"Debug builds installed with simctl on iPhone 17 Pro simulators running iOS 26.3.1 (f233f3b, the 4.1.6 candidate) and iOS 26.4, and launched. No install from the App Store was made.","A simulator install of a Debug build shows the app builds and launches, not that the App Store delivers it. TODO: App Store install on a physical iPhone."
IOS-PH-26:open_pack,IOS-PH-26,ios,phone,iOS,26.x,open_pack,declared_supported,deployment target 17.0 (SRC-IOS-PBX),verified_run,simulator,EV-I263-9532e26d-0925;EV-I264-607bd6bf-0925,yes,2026-09-25,"iPhone 17 Pro simulators, iOS 26.3.1 (f233f3b, clean) and iOS 26.4: pack selected and the play screen shown with 8x8 pads; Faded imported through open-in; on 26.4 a pad press was logged.","Simulator only, one iPhone model, Debug configuration. TODO: physical iPhone."
IOS-PH-26:sound,IOS-PH-26,ios,phone,iOS,26.x,sound,declared_supported,deployment target 17.0 (SRC-IOS-PBX),unverified,none,EV-I263-9532e26d-0925,unknown,2026-09-25,Nothing was run on this combination for this feature.,"TODO: no rotation, pad-light, pad-sound or MIDI check was recorded on 26.x; only install/open-pack/settings/store were checked."
IOS-PH-26:led,IOS-PH-26,ios,phone,iOS,26.x,led,declared_supported,deployment target 17.0 (SRC-IOS-PBX),unverified,none,EV-I263-9532e26d-0925,unknown,2026-09-25,Nothing was run on this combination for this feature.,"TODO: no rotation, pad-light, pad-sound or MIDI check was recorded on 26.x; only install/open-pack/settings/store were checked."
IOS-PH-26:rotation,IOS-PH-26,ios,phone,iOS,26.x,rotation,declared_supported,"deployment target 17.0 (SRC-IOS-PBX); landscape-only, UIRequiresFullScreen (SRC-IOS-PBX)",unverified,none,EV-I263-9532e26d-0925,unknown,2026-09-25,Nothing was run on this combination for this feature.,"TODO: no rotation, pad-light, pad-sound or MIDI check was recorded on 26.x; only install/open-pack/settings/store were checked."
IOS-PH-26:external_connect,IOS-PH-26,ios,phone,iOS,26.x,external_connect,declared_supported,deployment target 17.0 (SRC-IOS-PBX),unverified,none,EV-I263-9532e26d-0925,unknown,2026-09-25,Nothing was run on this combination for this feature.,"TODO: no rotation, pad-light, pad-sound or MIDI check was recorded on 26.x; only install/open-pack/settings/store were checked. TODO: no CoreMIDI Launchpad run on any iOS device."
IOS-PH-27:install,IOS-PH-27,ios,phone,iOS,27.x,install,declared_supported,deployment target 17.0 (SRC-IOS-PBX),partial_run,simulator,EV-I27-347a6e7b-0927,no,2026-09-27,A build of e8372a1 plus uncommitted work was installed fresh (after an uninstall) on an iPhone 17 Pro simulator running iOS 27.0 and launched. No install from the App Store was made.,Not the sold build and not a store install. TODO: App Store install on a physical iPhone.
IOS-PH-27:open_pack,IOS-PH-27,ios,phone,iOS,27.x,open_pack,declared_supported,deployment target 17.0 (SRC-IOS-PBX),verified_run,simulator,EV-I27-347a6e7b-0927;EV-I27-3829863e-0928;EV-I27-ca9f5907-0929,no,2026-09-28,"iPhone 17 Pro simulator, iOS 27.0: Faded.zip imported through the file picker from the empty-state guide, pack selected, play screen with pads (347a6e7b). Later records on iPhone 16e, 17 Pro and SE saw the pack selected through to the play screen, using a pack already in the app or one whose entry is not stated. Builds of later main commits with uncommitted work.","Simulator only; none of these builds is the sold one. TODO: physical iPhone, and the sold build."
IOS-PH-27:sound,IOS-PH-27,ios,phone,iOS,27.x,sound,declared_supported,deployment target 17.0 (SRC-IOS-PBX),unverified,none,EV-I27-347a6e7b-0927,unknown,2026-09-27,Nothing was run on this combination for this feature.,TODO: pad sound was not checked on iOS at all: device record 347a6e7b lists it as remaining (needs a way to hear it or a physical iPhone).
IOS-PH-27:led,IOS-PH-27,ios,phone,iOS,27.x,led,declared_supported,deployment target 17.0 (SRC-IOS-PBX),verified_run,simulator,EV-I27-0f9b87b2-0928,no,2026-09-28,"iPhone 17 Pro simulator, iOS 27.0: on-screen pad lights blinked while a pad was held and went out on release; the Faded pack lit and went dark normally. The tree had an uncommitted LedRunner change.","On-screen light only; a physical Launchpad's lights were never seen, and turning all lights off, chain switching and leaving the screen were not operated on screen. TODO: physical Launchpad; the sold build."
IOS-PH-27:rotation,IOS-PH-27,ios,phone,iOS,27.x,rotation,declared_supported,"deployment target 17.0 (SRC-IOS-PBX); landscape-only, UIRequiresFullScreen (SRC-IOS-PBX)",verified_run,simulator,EV-I27-347a6e7b-0927;EV-I27-3829863e-0928,no,2026-09-28,"iPhone 17 Pro and iPhone 16e simulators, iOS 27.0: the landscape-only play screen measured in both landscape directions with the menu button and logo inside the safe area; rotation UI tests passed. The bottom of the pad grid (about 11 pt) overlaps the home-indicator area, so this is not a safe-area pass for the pads.","Simulator only; builds with uncommitted work, not the sold one. Portrait is not offered by the app. Whether the overlapped bottom row reacts to a real finger, or leaves the app on a swipe, was not seen. TODO: decide whether the pad grid may overlap the home-indicator area, then recheck on a physical iPhone."
IOS-PH-27:external_connect,IOS-PH-27,ios,phone,iOS,27.x,external_connect,declared_supported,deployment target 17.0 (SRC-IOS-PBX),unverified,none,EV-I27-347a6e7b-0927,unknown,2026-09-27,Nothing was run on this combination for this feature.,"TODO: only the ""MIDI not connected"" text was seen (device record 9e687edd); no CoreMIDI Launchpad run on any iOS device."
IOS-PH-EARLIER:install,IOS-PH-EARLIER,ios,phone,iOS,"Apple ""Earlier"" bucket (mixes 17 and <=16; cannot be split)",install,not_declared,bucket mixes iOS 17 (declared) with 16 and lower (not declared),unverified,none,none,unknown,2026-09-30,Nothing was run on this combination for this feature.,"TODO: Apple publishes no split of this bucket, so the share running iOS 17 versus 16 and lower is unknown."
IOS-PH-EARLIER:open_pack,IOS-PH-EARLIER,ios,phone,iOS,"Apple ""Earlier"" bucket (mixes 17 and <=16; cannot be split)",open_pack,not_declared,bucket mixes iOS 17 (declared) with 16 and lower (not declared),unverified,none,none,unknown,2026-09-30,Nothing was run on this combination for this feature.,"TODO: Apple publishes no split of this bucket, so the share running iOS 17 versus 16 and lower is unknown."
IOS-PH-EARLIER:sound,IOS-PH-EARLIER,ios,phone,iOS,"Apple ""Earlier"" bucket (mixes 17 and <=16; cannot be split)",sound,not_declared,bucket mixes iOS 17 (declared) with 16 and lower (not declared),unverified,none,none,unknown,2026-09-30,Nothing was run on this combination for this feature.,"TODO: Apple publishes no split of this bucket, so the share running iOS 17 versus 16 and lower is unknown."
IOS-PH-EARLIER:led,IOS-PH-EARLIER,ios,phone,iOS,"Apple ""Earlier"" bucket (mixes 17 and <=16; cannot be split)",led,not_declared,bucket mixes iOS 17 (declared) with 16 and lower (not declared),unverified,none,none,unknown,2026-09-30,Nothing was run on this combination for this feature.,"TODO: Apple publishes no split of this bucket, so the share running iOS 17 versus 16 and lower is unknown."
IOS-PH-EARLIER:rotation,IOS-PH-EARLIER,ios,phone,iOS,"Apple ""Earlier"" bucket (mixes 17 and <=16; cannot be split)",rotation,not_declared,"bucket mixes iOS 17 (declared) with 16 and lower (not declared); landscape-only, UIRequiresFullScreen (SRC-IOS-PBX)",unverified,none,none,unknown,2026-09-30,Nothing was run on this combination for this feature.,"TODO: Apple publishes no split of this bucket, so the share running iOS 17 versus 16 and lower is unknown."
IOS-PH-EARLIER:external_connect,IOS-PH-EARLIER,ios,phone,iOS,"Apple ""Earlier"" bucket (mixes 17 and <=16; cannot be split)",external_connect,not_declared,bucket mixes iOS 17 (declared) with 16 and lower (not declared),unverified,none,none,unknown,2026-09-30,Nothing was run on this combination for this feature.,"TODO: Apple publishes no split of this bucket, so the share running iOS 17 versus 16 and lower is unknown. TODO: no CoreMIDI Launchpad run on any iOS device."
IOS-PAD-LE16:install,IOS-PAD-LE16,ios,tablet,iPadOS,iOS/iPadOS 16 and lower,install,declared_unsupported,IPHONEOS_DEPLOYMENT_TARGET 17.0 (SRC-IOS-PBX),unverified,none,none,unknown,2026-09-30,Nothing was run on this combination for this feature.,TODO: outside the declared floor; only the App Store install refusal would need a check. TODO: no iPad-class simulator or device run exists (device record ca9f5907 lists iPad as unchecked).
IOS-PAD-LE16:open_pack,IOS-PAD-LE16,ios,tablet,iPadOS,iOS/iPadOS 16 and lower,open_pack,declared_unsupported,IPHONEOS_DEPLOYMENT_TARGET 17.0 (SRC-IOS-PBX),unverified,none,none,unknown,2026-09-30,Nothing was run on this combination for this feature.,TODO: outside the declared floor; only the App Store install refusal would need a check. TODO: no iPad-class simulator or device run exists (device record ca9f5907 lists iPad as unchecked).
IOS-PAD-LE16:sound,IOS-PAD-LE16,ios,tablet,iPadOS,iOS/iPadOS 16 and lower,sound,declared_unsupported,IPHONEOS_DEPLOYMENT_TARGET 17.0 (SRC-IOS-PBX),unverified,none,none,unknown,2026-09-30,Nothing was run on this combination for this feature.,TODO: outside the declared floor; only the App Store install refusal would need a check. TODO: no iPad-class simulator or device run exists (device record ca9f5907 lists iPad as unchecked).
IOS-PAD-LE16:led,IOS-PAD-LE16,ios,tablet,iPadOS,iOS/iPadOS 16 and lower,led,declared_unsupported,IPHONEOS_DEPLOYMENT_TARGET 17.0 (SRC-IOS-PBX),unverified,none,none,unknown,2026-09-30,Nothing was run on this combination for this feature.,TODO: outside the declared floor; only the App Store install refusal would need a check. TODO: no iPad-class simulator or device run exists (device record ca9f5907 lists iPad as unchecked).
IOS-PAD-LE16:rotation,IOS-PAD-LE16,ios,tablet,iPadOS,iOS/iPadOS 16 and lower,rotation,declared_unsupported,"IPHONEOS_DEPLOYMENT_TARGET 17.0 (SRC-IOS-PBX); landscape-only, UIRequiresFullScreen (SRC-IOS-PBX)",unverified,none,none,unknown,2026-09-30,Nothing was run on this combination for this feature.,TODO: outside the declared floor; only the App Store install refusal would need a check. TODO: no iPad-class simulator or device run exists (device record ca9f5907 lists iPad as unchecked).
IOS-PAD-LE16:external_connect,IOS-PAD-LE16,ios,tablet,iPadOS,iOS/iPadOS 16 and lower,external_connect,declared_unsupported,IPHONEOS_DEPLOYMENT_TARGET 17.0 (SRC-IOS-PBX),unverified,none,none,unknown,2026-09-30,Nothing was run on this combination for this feature.,TODO: outside the declared floor; only the App Store install refusal would need a check. TODO: no iPad-class simulator or device run exists (device record ca9f5907 lists iPad as unchecked).
IOS-PAD-17:install,IOS-PAD-17,ios,tablet,iPadOS,17.x,install,declared_supported,"deployment target 17.0, lowered from 26.2 in 0933159 on 2026-09-15 (SRC-IOS-PBX); TARGETED_DEVICE_FAMILY includes 2 (iPad)",unverified,none,none,unknown,2026-09-30,Nothing was run on this combination for this feature.,TODO: iPadOS 17 could not be run: the installed Xcode has no iOS 17 simulator runtime (device record 9532e26d: blocked). TODO: no iPad-class simulator or device run exists (device record ca9f5907 lists iPad as unchecked).
IOS-PAD-17:open_pack,IOS-PAD-17,ios,tablet,iPadOS,17.x,open_pack,declared_supported,"deployment target 17.0, lowered from 26.2 in 0933159 on 2026-09-15 (SRC-IOS-PBX); TARGETED_DEVICE_FAMILY includes 2 (iPad)",unverified,none,none,unknown,2026-09-30,Nothing was run on this combination for this feature.,TODO: iPadOS 17 could not be run: the installed Xcode has no iOS 17 simulator runtime (device record 9532e26d: blocked). TODO: no iPad-class simulator or device run exists (device record ca9f5907 lists iPad as unchecked).
IOS-PAD-17:sound,IOS-PAD-17,ios,tablet,iPadOS,17.x,sound,declared_supported,"deployment target 17.0, lowered from 26.2 in 0933159 on 2026-09-15 (SRC-IOS-PBX); TARGETED_DEVICE_FAMILY includes 2 (iPad)",unverified,none,none,unknown,2026-09-30,Nothing was run on this combination for this feature.,TODO: iPadOS 17 could not be run: the installed Xcode has no iOS 17 simulator runtime (device record 9532e26d: blocked). TODO: no iPad-class simulator or device run exists (device record ca9f5907 lists iPad as unchecked).
IOS-PAD-17:led,IOS-PAD-17,ios,tablet,iPadOS,17.x,led,declared_supported,"deployment target 17.0, lowered from 26.2 in 0933159 on 2026-09-15 (SRC-IOS-PBX); TARGETED_DEVICE_FAMILY includes 2 (iPad)",unverified,none,none,unknown,2026-09-30,Nothing was run on this combination for this feature.,TODO: iPadOS 17 could not be run: the installed Xcode has no iOS 17 simulator runtime (device record 9532e26d: blocked). TODO: no iPad-class simulator or device run exists (device record ca9f5907 lists iPad as unchecked).
IOS-PAD-17:rotation,IOS-PAD-17,ios,tablet,iPadOS,17.x,rotation,declared_supported,"deployment target 17.0, lowered from 26.2 in 0933159 on 2026-09-15 (SRC-IOS-PBX); TARGETED_DEVICE_FAMILY includes 2 (iPad); landscape-only, UIRequiresFullScreen (SRC-IOS-PBX)",unverified,none,none,unknown,2026-09-30,Nothing was run on this combination for this feature.,TODO: iPadOS 17 could not be run: the installed Xcode has no iOS 17 simulator runtime (device record 9532e26d: blocked). TODO: no iPad-class simulator or device run exists (device record ca9f5907 lists iPad as unchecked).
IOS-PAD-17:external_connect,IOS-PAD-17,ios,tablet,iPadOS,17.x,external_connect,declared_supported,"deployment target 17.0, lowered from 26.2 in 0933159 on 2026-09-15 (SRC-IOS-PBX); TARGETED_DEVICE_FAMILY includes 2 (iPad)",unverified,none,none,unknown,2026-09-30,Nothing was run on this combination for this feature.,TODO: iPadOS 17 could not be run: the installed Xcode has no iOS 17 simulator runtime (device record 9532e26d: blocked). TODO: no iPad-class simulator or device run exists (device record ca9f5907 lists iPad as unchecked).
IOS-PAD-18:install,IOS-PAD-18,ios,tablet,iPadOS,18.x,install,declared_supported,deployment target 17.0 (SRC-IOS-PBX); TARGETED_DEVICE_FAMILY includes 2 (iPad),unverified,none,none,unknown,2026-09-30,Nothing was run on this combination for this feature.,TODO: iPadOS 18 could not be run: no 18 simulator runtime installed (device record 9532e26d). TODO: no iPad-class simulator or device run exists (device record ca9f5907 lists iPad as unchecked).
IOS-PAD-18:open_pack,IOS-PAD-18,ios,tablet,iPadOS,18.x,open_pack,declared_supported,deployment target 17.0 (SRC-IOS-PBX); TARGETED_DEVICE_FAMILY includes 2 (iPad),unverified,none,none,unknown,2026-09-30,Nothing was run on this combination for this feature.,TODO: iPadOS 18 could not be run: no 18 simulator runtime installed (device record 9532e26d). TODO: no iPad-class simulator or device run exists (device record ca9f5907 lists iPad as unchecked).
IOS-PAD-18:sound,IOS-PAD-18,ios,tablet,iPadOS,18.x,sound,declared_supported,deployment target 17.0 (SRC-IOS-PBX); TARGETED_DEVICE_FAMILY includes 2 (iPad),unverified,none,none,unknown,2026-09-30,Nothing was run on this combination for this feature.,TODO: iPadOS 18 could not be run: no 18 simulator runtime installed (device record 9532e26d). TODO: no iPad-class simulator or device run exists (device record ca9f5907 lists iPad as unchecked).
IOS-PAD-18:led,IOS-PAD-18,ios,tablet,iPadOS,18.x,led,declared_supported,deployment target 17.0 (SRC-IOS-PBX); TARGETED_DEVICE_FAMILY includes 2 (iPad),unverified,none,none,unknown,2026-09-30,Nothing was run on this combination for this feature.,TODO: iPadOS 18 could not be run: no 18 simulator runtime installed (device record 9532e26d). TODO: no iPad-class simulator or device run exists (device record ca9f5907 lists iPad as unchecked).
IOS-PAD-18:rotation,IOS-PAD-18,ios,tablet,iPadOS,18.x,rotation,declared_supported,"deployment target 17.0 (SRC-IOS-PBX); TARGETED_DEVICE_FAMILY includes 2 (iPad); landscape-only, UIRequiresFullScreen (SRC-IOS-PBX)",unverified,none,none,unknown,2026-09-30,Nothing was run on this combination for this feature.,TODO: iPadOS 18 could not be run: no 18 simulator runtime installed (device record 9532e26d). TODO: no iPad-class simulator or device run exists (device record ca9f5907 lists iPad as unchecked).
IOS-PAD-18:external_connect,IOS-PAD-18,ios,tablet,iPadOS,18.x,external_connect,declared_supported,deployment target 17.0 (SRC-IOS-PBX); TARGETED_DEVICE_FAMILY includes 2 (iPad),unverified,none,none,unknown,2026-09-30,Nothing was run on this combination for this feature.,TODO: iPadOS 18 could not be run: no 18 simulator runtime installed (device record 9532e26d). TODO: no iPad-class simulator or device run exists (device record ca9f5907 lists iPad as unchecked).
IOS-PAD-26:install,IOS-PAD-26,ios,tablet,iPadOS,26.x,install,declared_supported,deployment target 17.0 (SRC-IOS-PBX); TARGETED_DEVICE_FAMILY includes 2 (iPad),unverified,none,none,unknown,2026-09-30,Nothing was run on this combination for this feature.,TODO: no iPad-class simulator or device run exists (device record ca9f5907 lists iPad as unchecked).
IOS-PAD-26:open_pack,IOS-PAD-26,ios,tablet,iPadOS,26.x,open_pack,declared_supported,deployment target 17.0 (SRC-IOS-PBX); TARGETED_DEVICE_FAMILY includes 2 (iPad),unverified,none,none,unknown,2026-09-30,Nothing was run on this combination for this feature.,TODO: no iPad-class simulator or device run exists (device record ca9f5907 lists iPad as unchecked).
IOS-PAD-26:sound,IOS-PAD-26,ios,tablet,iPadOS,26.x,sound,declared_supported,deployment target 17.0 (SRC-IOS-PBX); TARGETED_DEVICE_FAMILY includes 2 (iPad),unverified,none,none,unknown,2026-09-30,Nothing was run on this combination for this feature.,TODO: no iPad-class simulator or device run exists (device record ca9f5907 lists iPad as unchecked).
IOS-PAD-26:led,IOS-PAD-26,ios,tablet,iPadOS,26.x,led,declared_supported,deployment target 17.0 (SRC-IOS-PBX); TARGETED_DEVICE_FAMILY includes 2 (iPad),unverified,none,none,unknown,2026-09-30,Nothing was run on this combination for this feature.,TODO: no iPad-class simulator or device run exists (device record ca9f5907 lists iPad as unchecked).
IOS-PAD-26:rotation,IOS-PAD-26,ios,tablet,iPadOS,26.x,rotation,declared_supported,"deployment target 17.0 (SRC-IOS-PBX); TARGETED_DEVICE_FAMILY includes 2 (iPad); landscape-only, UIRequiresFullScreen (SRC-IOS-PBX)",unverified,none,none,unknown,2026-09-30,Nothing was run on this combination for this feature.,TODO: no iPad-class simulator or device run exists (device record ca9f5907 lists iPad as unchecked).
IOS-PAD-26:external_connect,IOS-PAD-26,ios,tablet,iPadOS,26.x,external_connect,declared_supported,deployment target 17.0 (SRC-IOS-PBX); TARGETED_DEVICE_FAMILY includes 2 (iPad),unverified,none,none,unknown,2026-09-30,Nothing was run on this combination for this feature.,TODO: no iPad-class simulator or device run exists (device record ca9f5907 lists iPad as unchecked).
IOS-PAD-27:install,IOS-PAD-27,ios,tablet,iPadOS,27.x,install,declared_supported,deployment target 17.0 (SRC-IOS-PBX); TARGETED_DEVICE_FAMILY includes 2 (iPad),unverified,none,none,unknown,2026-09-30,Nothing was run on this combination for this feature.,TODO: no iPad-class simulator or device run exists (device record ca9f5907 lists iPad as unchecked).
IOS-PAD-27:open_pack,IOS-PAD-27,ios,tablet,iPadOS,27.x,open_pack,declared_supported,deployment target 17.0 (SRC-IOS-PBX); TARGETED_DEVICE_FAMILY includes 2 (iPad),unverified,none,none,unknown,2026-09-30,Nothing was run on this combination for this feature.,TODO: no iPad-class simulator or device run exists (device record ca9f5907 lists iPad as unchecked).
IOS-PAD-27:sound,IOS-PAD-27,ios,tablet,iPadOS,27.x,sound,declared_supported,deployment target 17.0 (SRC-IOS-PBX); TARGETED_DEVICE_FAMILY includes 2 (iPad),unverified,none,none,unknown,2026-09-30,Nothing was run on this combination for this feature.,TODO: no iPad-class simulator or device run exists (device record ca9f5907 lists iPad as unchecked).
IOS-PAD-27:led,IOS-PAD-27,ios,tablet,iPadOS,27.x,led,declared_supported,deployment target 17.0 (SRC-IOS-PBX); TARGETED_DEVICE_FAMILY includes 2 (iPad),unverified,none,none,unknown,2026-09-30,Nothing was run on this combination for this feature.,TODO: no iPad-class simulator or device run exists (device record ca9f5907 lists iPad as unchecked).
IOS-PAD-27:rotation,IOS-PAD-27,ios,tablet,iPadOS,27.x,rotation,declared_supported,"deployment target 17.0 (SRC-IOS-PBX); TARGETED_DEVICE_FAMILY includes 2 (iPad); landscape-only, UIRequiresFullScreen (SRC-IOS-PBX)",unverified,none,none,unknown,2026-09-30,Nothing was run on this combination for this feature.,TODO: no iPad-class simulator or device run exists (device record ca9f5907 lists iPad as unchecked).
IOS-PAD-27:external_connect,IOS-PAD-27,ios,tablet,iPadOS,27.x,external_connect,declared_supported,deployment target 17.0 (SRC-IOS-PBX); TARGETED_DEVICE_FAMILY includes 2 (iPad),unverified,none,none,unknown,2026-09-30,Nothing was run on this combination for this feature.,TODO: no iPad-class simulator or device run exists (device record ca9f5907 lists iPad as unchecked).
IOS-PAD-EARLIER:install,IOS-PAD-EARLIER,ios,tablet,iPadOS,"Apple ""Earlier"" bucket (mixes 17 and <=16; cannot be split)",install,not_declared,bucket mixes iOS 17 (declared) with 16 and lower (not declared),unverified,none,none,unknown,2026-09-30,Nothing was run on this combination for this feature.,"TODO: Apple publishes no split of this bucket, so the share running iOS 17 versus 16 and lower is unknown. TODO: no iPad-class simulator or device run exists (device record ca9f5907 lists iPad as unchecked)."
IOS-PAD-EARLIER:open_pack,IOS-PAD-EARLIER,ios,tablet,iPadOS,"Apple ""Earlier"" bucket (mixes 17 and <=16; cannot be split)",open_pack,not_declared,bucket mixes iOS 17 (declared) with 16 and lower (not declared),unverified,none,none,unknown,2026-09-30,Nothing was run on this combination for this feature.,"TODO: Apple publishes no split of this bucket, so the share running iOS 17 versus 16 and lower is unknown. TODO: no iPad-class simulator or device run exists (device record ca9f5907 lists iPad as unchecked)."
IOS-PAD-EARLIER:sound,IOS-PAD-EARLIER,ios,tablet,iPadOS,"Apple ""Earlier"" bucket (mixes 17 and <=16; cannot be split)",sound,not_declared,bucket mixes iOS 17 (declared) with 16 and lower (not declared),unverified,none,none,unknown,2026-09-30,Nothing was run on this combination for this feature.,"TODO: Apple publishes no split of this bucket, so the share running iOS 17 versus 16 and lower is unknown. TODO: no iPad-class simulator or device run exists (device record ca9f5907 lists iPad as unchecked)."
IOS-PAD-EARLIER:led,IOS-PAD-EARLIER,ios,tablet,iPadOS,"Apple ""Earlier"" bucket (mixes 17 and <=16; cannot be split)",led,not_declared,bucket mixes iOS 17 (declared) with 16 and lower (not declared),unverified,none,none,unknown,2026-09-30,Nothing was run on this combination for this feature.,"TODO: Apple publishes no split of this bucket, so the share running iOS 17 versus 16 and lower is unknown. TODO: no iPad-class simulator or device run exists (device record ca9f5907 lists iPad as unchecked)."
IOS-PAD-EARLIER:rotation,IOS-PAD-EARLIER,ios,tablet,iPadOS,"Apple ""Earlier"" bucket (mixes 17 and <=16; cannot be split)",rotation,not_declared,"bucket mixes iOS 17 (declared) with 16 and lower (not declared); landscape-only, UIRequiresFullScreen (SRC-IOS-PBX)",unverified,none,none,unknown,2026-09-30,Nothing was run on this combination for this feature.,"TODO: Apple publishes no split of this bucket, so the share running iOS 17 versus 16 and lower is unknown. TODO: no iPad-class simulator or device run exists (device record ca9f5907 lists iPad as unchecked)."
IOS-PAD-EARLIER:external_connect,IOS-PAD-EARLIER,ios,tablet,iPadOS,"Apple ""Earlier"" bucket (mixes 17 and <=16; cannot be split)",external_connect,not_declared,bucket mixes iOS 17 (declared) with 16 and lower (not declared),unverified,none,none,unknown,2026-09-30,Nothing was run on this combination for this feature.,"TODO: Apple publishes no split of this bucket, so the share running iOS 17 versus 16 and lower is unknown. TODO: no iPad-class simulator or device run exists (device record ca9f5907 lists iPad as unchecked)."
IOS-MAC-26.2:install,IOS-MAC-26.2,macos,desktop,macOS (iOS app on Mac / macosx platform),26.2 and later,install,declared_supported,macOS deployment target 26.2 with the platform listed in SUPPORTED_PLATFORMS (SRC-IOS-PBX),unverified,none,none,unknown,2026-09-30,Nothing was run on this combination for this feature.,TODO: no macOS run; it is not known that the App Store offers this build to macOS.
IOS-MAC-26.2:open_pack,IOS-MAC-26.2,macos,desktop,macOS (iOS app on Mac / macosx platform),26.2 and later,open_pack,declared_supported,macOS deployment target 26.2 with the platform listed in SUPPORTED_PLATFORMS (SRC-IOS-PBX),unverified,none,none,unknown,2026-09-30,Nothing was run on this combination for this feature.,TODO: no macOS run; it is not known that the App Store offers this build to macOS.
IOS-MAC-26.2:sound,IOS-MAC-26.2,macos,desktop,macOS (iOS app on Mac / macosx platform),26.2 and later,sound,declared_supported,macOS deployment target 26.2 with the platform listed in SUPPORTED_PLATFORMS (SRC-IOS-PBX),unverified,none,none,unknown,2026-09-30,Nothing was run on this combination for this feature.,TODO: no macOS run; it is not known that the App Store offers this build to macOS.
IOS-MAC-26.2:led,IOS-MAC-26.2,macos,desktop,macOS (iOS app on Mac / macosx platform),26.2 and later,led,declared_supported,macOS deployment target 26.2 with the platform listed in SUPPORTED_PLATFORMS (SRC-IOS-PBX),unverified,none,none,unknown,2026-09-30,Nothing was run on this combination for this feature.,TODO: no macOS run; it is not known that the App Store offers this build to macOS.
IOS-MAC-26.2:rotation,IOS-MAC-26.2,macos,desktop,macOS (iOS app on Mac / macosx platform),26.2 and later,rotation,declared_supported,macOS deployment target 26.2 with the platform listed in SUPPORTED_PLATFORMS (SRC-IOS-PBX),unverified,none,none,unknown,2026-09-30,Nothing was run on this combination for this feature.,TODO: no macOS run; it is not known that the App Store offers this build to macOS.
IOS-MAC-26.2:external_connect,IOS-MAC-26.2,macos,desktop,macOS (iOS app on Mac / macosx platform),26.2 and later,external_connect,declared_supported,macOS deployment target 26.2 with the platform listed in SUPPORTED_PLATFORMS (SRC-IOS-PBX),unverified,none,none,unknown,2026-09-30,Nothing was run on this combination for this feature.,TODO: no macOS run; it is not known that the App Store offers this build to macOS.
IOS-VISION-26.2:install,IOS-VISION-26.2,visionos,other,visionOS,26.2 and later,install,declared_supported,visionOS deployment target 26.2 with the platform listed in SUPPORTED_PLATFORMS (SRC-IOS-PBX),unverified,none,none,unknown,2026-09-30,Nothing was run on this combination for this feature.,TODO: no visionOS run; it is not known that the App Store offers this build to visionOS.
IOS-VISION-26.2:open_pack,IOS-VISION-26.2,visionos,other,visionOS,26.2 and later,open_pack,declared_supported,visionOS deployment target 26.2 with the platform listed in SUPPORTED_PLATFORMS (SRC-IOS-PBX),unverified,none,none,unknown,2026-09-30,Nothing was run on this combination for this feature.,TODO: no visionOS run; it is not known that the App Store offers this build to visionOS.
IOS-VISION-26.2:sound,IOS-VISION-26.2,visionos,other,visionOS,26.2 and later,sound,declared_supported,visionOS deployment target 26.2 with the platform listed in SUPPORTED_PLATFORMS (SRC-IOS-PBX),unverified,none,none,unknown,2026-09-30,Nothing was run on this combination for this feature.,TODO: no visionOS run; it is not known that the App Store offers this build to visionOS.
IOS-VISION-26.2:led,IOS-VISION-26.2,visionos,other,visionOS,26.2 and later,led,declared_supported,visionOS deployment target 26.2 with the platform listed in SUPPORTED_PLATFORMS (SRC-IOS-PBX),unverified,none,none,unknown,2026-09-30,Nothing was run on this combination for this feature.,TODO: no visionOS run; it is not known that the App Store offers this build to visionOS.
IOS-VISION-26.2:rotation,IOS-VISION-26.2,visionos,other,visionOS,26.2 and later,rotation,declared_supported,visionOS deployment target 26.2 with the platform listed in SUPPORTED_PLATFORMS (SRC-IOS-PBX),unverified,none,none,unknown,2026-09-30,Nothing was run on this combination for this feature.,TODO: no visionOS run; it is not known that the App Store offers this build to visionOS.
IOS-VISION-26.2:external_connect,IOS-VISION-26.2,visionos,other,visionOS,26.2 and later,external_connect,declared_supported,visionOS deployment target 26.2 with the platform listed in SUPPORTED_PLATFORMS (SRC-IOS-PBX),unverified,none,none,unknown,2026-09-30,Nothing was run on this combination for this feature.,TODO: no visionOS run; it is not known that the App Store offers this build to visionOS.
WEB-DT-CHROME:install,WEB-DT-CHROME,web,desktop,Chrome (desktop),current releases,install,not_applicable,no install; the player runs in the page (src/i18n/messages/en.json:144),not_applicable,none,none,unknown,2026-09-30,Not applicable.,The web player has no install step. TODO: check the PWA manifest (public/manifest.json) installs on each browser only if that is ever promised.
WEB-DT-CHROME:open_pack,WEB-DT-CHROME,web,desktop,Chrome (desktop),current releases,open_pack,declared_supported,"site copy promises play in the browser with Web Audio and Web MIDI and names no browsers (SRC-WEB-CODE: src/i18n/messages/en.json:77,132,195)",partial_run,browser,EV-WEB-20260930-desktop-1280x800;EV-WEB-08ce5205-0928;EV-WEB-a11a6324-0928,yes,2026-09-30,"Playwright Chromium, headless, on a macOS computer, 1280x800 window, mouse: Faded.zip imported and 64 pads shown. Not Google Chrome, not Windows or Linux, not a headed window.","The row names Google Chrome; only the Chromium engine build was run, so it is not counted as working. TODO: run the same check in Google Chrome itself (and Edge) on Windows, macOS and Linux."
WEB-DT-CHROME:sound,WEB-DT-CHROME,web,desktop,Chrome (desktop),current releases,sound,declared_supported,"site copy promises play in the browser with Web Audio and Web MIDI and names no browsers (SRC-WEB-CODE: src/i18n/messages/en.json:77,132,195)",partial_run,browser,EV-WEB-20260930-desktop-1280x800,yes,2026-09-30,"Playwright Chromium, headless, on a macOS computer, 1280x800 window, mouse: one AudioBufferSource start counted with the audio context running; output muted, nothing heard. Not Google Chrome, not Windows or Linux, not a headed window.","The row names Google Chrome; only the Chromium engine build was run, so it is not counted as working. TODO: run the same check in Google Chrome itself (and Edge) on Windows, macOS and Linux."
WEB-DT-CHROME:led,WEB-DT-CHROME,web,desktop,Chrome (desktop),current releases,led,declared_supported,"site copy promises play in the browser with Web Audio and Web MIDI and names no browsers (SRC-WEB-CODE: src/i18n/messages/en.json:77,132,195)",partial_run,browser,EV-WEB-20260930-desktop-1280x800;EV-WEB-a11a6324-0928,yes,2026-09-30,"Playwright Chromium, headless, on a macOS computer, 1280x800 window, mouse: 4 pads lit while one pad was held. Not Google Chrome, not Windows or Linux, not a headed window.","The row names Google Chrome; only the Chromium engine build was run, so it is not counted as working. TODO: run the same check in Google Chrome itself (and Edge) on Windows, macOS and Linux."
WEB-DT-CHROME:rotation,WEB-DT-CHROME,web,desktop,Chrome (desktop),current releases,rotation,not_applicable,src/components/play/PlayPage.tsx:621-643 acts only on orientation / portrait media queries,not_applicable,none,none,unknown,2026-09-30,Not applicable.,Desktop windows have no orientation lock; the rotate hint targets touch screens.
WEB-DT-CHROME:external_connect,WEB-DT-CHROME,web,desktop,Chrome (desktop),current releases,external_connect,declared_supported,"site copy promises play in the browser with Web Audio and Web MIDI and names no browsers (SRC-WEB-CODE: src/i18n/messages/en.json:77,132,195)",partial_run,browser,EV-WEB-a11a6324-0928;EV-WEB-a11a6324-0928-fail,no,2026-09-28,"Playwright Chromium, headless, with a fake MIDI output: light-on and light-off bytes recorded for Launchpad X, original Pro and MK2 profiles on play, tab hide, LED off and Quit. No MIDI device was connected.","An earlier run the same day failed (lights stayed on after Quit); unipad.io#32 fixed it and the later run passed. Fake output only, not Google Chrome. TODO: a physical Launchpad over Web MIDI in Chrome or Edge."
WEB-DT-FIREFOX:install,WEB-DT-FIREFOX,web,desktop,Firefox,current releases,install,not_applicable,no install; the player runs in the page (src/i18n/messages/en.json:144),not_applicable,none,none,unknown,2026-09-30,Not applicable.,The web player has no install step. TODO: check the PWA manifest (public/manifest.json) installs on each browser only if that is ever promised.
WEB-DT-FIREFOX:open_pack,WEB-DT-FIREFOX,web,desktop,Firefox,current releases,open_pack,declared_supported,"site copy promises play in the browser with Web Audio and Web MIDI and names no browsers (SRC-WEB-CODE: src/i18n/messages/en.json:77,132,195)",unverified,none,none,unknown,2026-09-30,Nothing was run on this combination for this feature.,TODO: never run in this browser/OS.
WEB-DT-FIREFOX:sound,WEB-DT-FIREFOX,web,desktop,Firefox,current releases,sound,declared_supported,"site copy promises play in the browser with Web Audio and Web MIDI and names no browsers (SRC-WEB-CODE: src/i18n/messages/en.json:77,132,195)",unverified,none,none,unknown,2026-09-30,Nothing was run on this combination for this feature.,TODO: never run in this browser/OS.
WEB-DT-FIREFOX:led,WEB-DT-FIREFOX,web,desktop,Firefox,current releases,led,declared_supported,"site copy promises play in the browser with Web Audio and Web MIDI and names no browsers (SRC-WEB-CODE: src/i18n/messages/en.json:77,132,195)",unverified,none,none,unknown,2026-09-30,Nothing was run on this combination for this feature.,TODO: never run in this browser/OS.
WEB-DT-FIREFOX:rotation,WEB-DT-FIREFOX,web,desktop,Firefox,current releases,rotation,not_applicable,src/components/play/PlayPage.tsx:621-643 acts only on orientation / portrait media queries,not_applicable,none,none,unknown,2026-09-30,Not applicable.,Desktop windows have no orientation lock; the rotate hint targets touch screens.
WEB-DT-FIREFOX:external_connect,WEB-DT-FIREFOX,web,desktop,Firefox,current releases,external_connect,declared_supported,"site copy promises play in the browser with Web Audio and Web MIDI and names no browsers (SRC-WEB-CODE: src/i18n/messages/en.json:77,132,195)",unverified,none,none,unknown,2026-09-30,Nothing was run on this combination for this feature.,TODO: never run in this browser/OS.
WEB-DT-SAFARI:install,WEB-DT-SAFARI,web,desktop,Safari (macOS),current releases,install,not_applicable,no install; the player runs in the page (src/i18n/messages/en.json:144),not_applicable,none,none,unknown,2026-09-30,Not applicable.,The web player has no install step. TODO: check the PWA manifest (public/manifest.json) installs on each browser only if that is ever promised.
WEB-DT-SAFARI:open_pack,WEB-DT-SAFARI,web,desktop,Safari (macOS),current releases,open_pack,declared_supported,"site copy promises play in the browser with Web Audio and Web MIDI and names no browsers (SRC-WEB-CODE: src/i18n/messages/en.json:77,132,195)",unverified,none,none,unknown,2026-09-30,Nothing was run on this combination for this feature.,TODO: never run in this browser/OS.
WEB-DT-SAFARI:sound,WEB-DT-SAFARI,web,desktop,Safari (macOS),current releases,sound,declared_supported,"site copy promises play in the browser with Web Audio and Web MIDI and names no browsers (SRC-WEB-CODE: src/i18n/messages/en.json:77,132,195)",unverified,none,none,unknown,2026-09-30,Nothing was run on this combination for this feature.,TODO: never run in this browser/OS.
WEB-DT-SAFARI:led,WEB-DT-SAFARI,web,desktop,Safari (macOS),current releases,led,declared_supported,"site copy promises play in the browser with Web Audio and Web MIDI and names no browsers (SRC-WEB-CODE: src/i18n/messages/en.json:77,132,195)",unverified,none,none,unknown,2026-09-30,Nothing was run on this combination for this feature.,TODO: never run in this browser/OS.
WEB-DT-SAFARI:rotation,WEB-DT-SAFARI,web,desktop,Safari (macOS),current releases,rotation,not_applicable,src/components/play/PlayPage.tsx:621-643 acts only on orientation / portrait media queries,not_applicable,none,none,unknown,2026-09-30,Not applicable.,Desktop windows have no orientation lock; the rotate hint targets touch screens.
WEB-DT-SAFARI:external_connect,WEB-DT-SAFARI,web,desktop,Safari (macOS),current releases,external_connect,declared_supported,"site copy promises play in the browser with Web Audio and Web MIDI and names no browsers (SRC-WEB-CODE: src/i18n/messages/en.json:77,132,195)",source_only,none,FACTS-MDN-BCD,unknown,2026-09-30,Nothing was run; read from published browser data (MDN browser-compat-data 8.1.3).,"TODO: MDN BCD 8.1.3 lists requestMIDIAccess as unsupported in Safari and Safari on iOS, while site copy promises Web MIDI in the browser and the player shows no browser-specific message; confirm in real Safari and let the owner decide the copy."
WEB-DT-WIN:install,WEB-DT-WIN,web,desktop,"Windows, any browser",all Windows versions,install,not_applicable,no install; the player runs in the page (src/i18n/messages/en.json:144),not_applicable,none,none,unknown,2026-09-30,Not applicable.,The web player has no install step. TODO: check the PWA manifest (public/manifest.json) installs on each browser only if that is ever promised.
WEB-DT-WIN:open_pack,WEB-DT-WIN,web,desktop,"Windows, any browser",all Windows versions,open_pack,declared_supported,"site copy promises play in the browser with Web Audio and Web MIDI and names no browsers (SRC-WEB-CODE: src/i18n/messages/en.json:77,132,195)",unverified,none,none,unknown,2026-09-30,Nothing was run on this combination for this feature.,TODO: never run in this browser/OS.
WEB-DT-WIN:sound,WEB-DT-WIN,web,desktop,"Windows, any browser",all Windows versions,sound,declared_supported,"site copy promises play in the browser with Web Audio and Web MIDI and names no browsers (SRC-WEB-CODE: src/i18n/messages/en.json:77,132,195)",unverified,none,none,unknown,2026-09-30,Nothing was run on this combination for this feature.,TODO: never run in this browser/OS.
WEB-DT-WIN:led,WEB-DT-WIN,web,desktop,"Windows, any browser",all Windows versions,led,declared_supported,"site copy promises play in the browser with Web Audio and Web MIDI and names no browsers (SRC-WEB-CODE: src/i18n/messages/en.json:77,132,195)",unverified,none,none,unknown,2026-09-30,Nothing was run on this combination for this feature.,TODO: never run in this browser/OS.
WEB-DT-WIN:rotation,WEB-DT-WIN,web,desktop,"Windows, any browser",all Windows versions,rotation,not_applicable,src/components/play/PlayPage.tsx:621-643 acts only on orientation / portrait media queries,not_applicable,none,none,unknown,2026-09-30,Not applicable.,Desktop windows have no orientation lock; the rotate hint targets touch screens.
WEB-DT-WIN:external_connect,WEB-DT-WIN,web,desktop,"Windows, any browser",all Windows versions,external_connect,declared_supported,"site copy promises play in the browser with Web Audio and Web MIDI and names no browsers (SRC-WEB-CODE: src/i18n/messages/en.json:77,132,195)",unverified,none,none,unknown,2026-09-30,Nothing was run on this combination for this feature.,TODO: never run in this browser/OS.
WEB-DT-MAC:install,WEB-DT-MAC,web,desktop,"macOS, any browser",all macOS versions,install,not_applicable,no install; the player runs in the page (src/i18n/messages/en.json:144),not_applicable,none,none,unknown,2026-09-30,Not applicable.,The web player has no install step. TODO: check the PWA manifest (public/manifest.json) installs on each browser only if that is ever promised.
WEB-DT-MAC:open_pack,WEB-DT-MAC,web,desktop,"macOS, any browser",all macOS versions,open_pack,declared_supported,"site copy promises play in the browser with Web Audio and Web MIDI and names no browsers (SRC-WEB-CODE: src/i18n/messages/en.json:77,132,195)",partial_run,browser,EV-WEB-20260930-desktop-1280x800,yes,2026-09-30,"Playwright Chromium, headless, on a macOS computer, 1280x800 window, mouse: Faded.zip imported and 64 pads shown. One engine build only.","The row means any browser on macOS; Safari, Firefox and Google Chrome on macOS were not run. TODO: Safari and Chrome on macOS."
WEB-DT-MAC:sound,WEB-DT-MAC,web,desktop,"macOS, any browser",all macOS versions,sound,declared_supported,"site copy promises play in the browser with Web Audio and Web MIDI and names no browsers (SRC-WEB-CODE: src/i18n/messages/en.json:77,132,195)",partial_run,browser,EV-WEB-20260930-desktop-1280x800,yes,2026-09-30,"Playwright Chromium, headless, on a macOS computer, 1280x800 window, mouse: one AudioBufferSource start counted with the audio context running; output muted, nothing heard. One engine build only.","The row means any browser on macOS; Safari, Firefox and Google Chrome on macOS were not run. TODO: Safari and Chrome on macOS."
WEB-DT-MAC:led,WEB-DT-MAC,web,desktop,"macOS, any browser",all macOS versions,led,declared_supported,"site copy promises play in the browser with Web Audio and Web MIDI and names no browsers (SRC-WEB-CODE: src/i18n/messages/en.json:77,132,195)",partial_run,browser,EV-WEB-20260930-desktop-1280x800,yes,2026-09-30,"Playwright Chromium, headless, on a macOS computer, 1280x800 window, mouse: 4 pads lit while one pad was held. One engine build only.","The row means any browser on macOS; Safari, Firefox and Google Chrome on macOS were not run. TODO: Safari and Chrome on macOS."
WEB-DT-MAC:rotation,WEB-DT-MAC,web,desktop,"macOS, any browser",all macOS versions,rotation,not_applicable,src/components/play/PlayPage.tsx:621-643 acts only on orientation / portrait media queries,not_applicable,none,none,unknown,2026-09-30,Not applicable.,Desktop windows have no orientation lock; the rotate hint targets touch screens.
WEB-DT-MAC:external_connect,WEB-DT-MAC,web,desktop,"macOS, any browser",all macOS versions,external_connect,declared_supported,"site copy promises play in the browser with Web Audio and Web MIDI and names no browsers (SRC-WEB-CODE: src/i18n/messages/en.json:77,132,195)",unverified,none,EV-WEB-a11a6324-0928;EV-WEB-a11a6324-0928-fail,unknown,2026-09-28,"No matching device-class and OS run. Related records are retained for context: Playwright Chromium, headless, with a fake MIDI output: light-on and light-off bytes recorded for Launchpad X, original Pro and MK2 profiles on play, tab hide, LED off and Quit. No MIDI device was connected.","The cited records do not confirm this device class and OS, so they cannot carry this row or its sold-build flag. An earlier run the same day failed (lights stayed on after Quit); unipad.io#32 fixed it and the later run passed. Fake output only, not Google Chrome. TODO: a physical Launchpad over Web MIDI in Chrome or Edge."
WEB-DT-LINUX:install,WEB-DT-LINUX,web,desktop,"Linux, any browser",all Linux distributions,install,not_applicable,no install; the player runs in the page (src/i18n/messages/en.json:144),not_applicable,none,none,unknown,2026-09-30,Not applicable.,The web player has no install step. TODO: check the PWA manifest (public/manifest.json) installs on each browser only if that is ever promised.
WEB-DT-LINUX:open_pack,WEB-DT-LINUX,web,desktop,"Linux, any browser",all Linux distributions,open_pack,declared_supported,"site copy promises play in the browser with Web Audio and Web MIDI and names no browsers (SRC-WEB-CODE: src/i18n/messages/en.json:77,132,195)",unverified,none,none,unknown,2026-09-30,Nothing was run on this combination for this feature.,TODO: never run in this browser/OS.
WEB-DT-LINUX:sound,WEB-DT-LINUX,web,desktop,"Linux, any browser",all Linux distributions,sound,declared_supported,"site copy promises play in the browser with Web Audio and Web MIDI and names no browsers (SRC-WEB-CODE: src/i18n/messages/en.json:77,132,195)",unverified,none,none,unknown,2026-09-30,Nothing was run on this combination for this feature.,TODO: never run in this browser/OS.
WEB-DT-LINUX:led,WEB-DT-LINUX,web,desktop,"Linux, any browser",all Linux distributions,led,declared_supported,"site copy promises play in the browser with Web Audio and Web MIDI and names no browsers (SRC-WEB-CODE: src/i18n/messages/en.json:77,132,195)",unverified,none,none,unknown,2026-09-30,Nothing was run on this combination for this feature.,TODO: never run in this browser/OS.
WEB-DT-LINUX:rotation,WEB-DT-LINUX,web,desktop,"Linux, any browser",all Linux distributions,rotation,not_applicable,src/components/play/PlayPage.tsx:621-643 acts only on orientation / portrait media queries,not_applicable,none,none,unknown,2026-09-30,Not applicable.,Desktop windows have no orientation lock; the rotate hint targets touch screens.
WEB-DT-LINUX:external_connect,WEB-DT-LINUX,web,desktop,"Linux, any browser",all Linux distributions,external_connect,declared_supported,"site copy promises play in the browser with Web Audio and Web MIDI and names no browsers (SRC-WEB-CODE: src/i18n/messages/en.json:77,132,195)",unverified,none,none,unknown,2026-09-30,Nothing was run on this combination for this feature.,TODO: never run in this browser/OS.
WEB-PH-CHROME:install,WEB-PH-CHROME,web,phone,Chrome (Android Chrome; Chrome on iOS uses WebKit and cannot be separated in the denominator),current releases,install,not_applicable,no install; the player runs in the page (src/i18n/messages/en.json:144),not_applicable,none,none,unknown,2026-09-30,Not applicable.,The web player has no install step. TODO: check the PWA manifest (public/manifest.json) installs on each browser only if that is ever promised.
WEB-PH-CHROME:open_pack,WEB-PH-CHROME,web,phone,Chrome (Android Chrome; Chrome on iOS uses WebKit and cannot be separated in the denominator),current releases,open_pack,declared_supported,"site copy promises play in the browser with Web Audio and Web MIDI and names no browsers (SRC-WEB-CODE: src/i18n/messages/en.json:77,132,195)",viewport_only,viewport,EV-WEB-20260930-phone-390x844,yes,2026-09-30,"Playwright Chromium, headless, on a macOS computer, a mocked 390x844 (rotated to 844x390) window with touch events sent through the DevTools protocol. This is a window size, not a phone, and not Chrome for Android. In landscape: Faded.zip imported and 64 pads shown.",A mocked width never counts for a phone. TODO: run in Chrome on a physical Android phone.
WEB-PH-CHROME:sound,WEB-PH-CHROME,web,phone,Chrome (Android Chrome; Chrome on iOS uses WebKit and cannot be separated in the denominator),current releases,sound,declared_supported,"site copy promises play in the browser with Web Audio and Web MIDI and names no browsers (SRC-WEB-CODE: src/i18n/messages/en.json:77,132,195)",viewport_only,viewport,EV-WEB-20260930-phone-390x844,yes,2026-09-30,"Playwright Chromium, headless, on a macOS computer, a mocked 390x844 (rotated to 844x390) window with touch events sent through the DevTools protocol. This is a window size, not a phone, and not Chrome for Android. In landscape: one AudioBufferSource start counted with the audio context running; output muted, nothing heard.",A mocked width never counts for a phone. TODO: run in Chrome on a physical Android phone.
WEB-PH-CHROME:led,WEB-PH-CHROME,web,phone,Chrome (Android Chrome; Chrome on iOS uses WebKit and cannot be separated in the denominator),current releases,led,declared_supported,"site copy promises play in the browser with Web Audio and Web MIDI and names no browsers (SRC-WEB-CODE: src/i18n/messages/en.json:77,132,195)",viewport_only,viewport,EV-WEB-20260930-phone-390x844,yes,2026-09-30,"Playwright Chromium, headless, on a macOS computer, a mocked 390x844 (rotated to 844x390) window with touch events sent through the DevTools protocol. This is a window size, not a phone, and not Chrome for Android. In landscape: 3 pads lit while one pad was held.",A mocked width never counts for a phone. TODO: run in Chrome on a physical Android phone.
WEB-PH-CHROME:rotation,WEB-PH-CHROME,web,phone,Chrome (Android Chrome; Chrome on iOS uses WebKit and cannot be separated in the denominator),current releases,rotation,declared_supported,"site copy promises play in the browser with Web Audio and Web MIDI and names no browsers (SRC-WEB-CODE: src/i18n/messages/en.json:77,132,195)",viewport_only,viewport,EV-WEB-20260930-phone-390x844,yes,2026-09-30,"Playwright Chromium, headless, on a macOS computer, a mocked 390x844 (rotated to 844x390) window with touch events sent through the DevTools protocol. This is a window size, not a phone, and not Chrome for Android. Flipping the window showed the rotate hint in portrait only and kept the 64 pads; pads played again in landscape.","A mocked width never counts for a phone; the orientation lock call was not exercised. Observed: the rotate hint covers the pads in portrait at every width run, 768 and 834 px included, and taps do nothing until landscape. TODO: run in Chrome on a physical Android phone."
WEB-PH-CHROME:external_connect,WEB-PH-CHROME,web,phone,Chrome (Android Chrome; Chrome on iOS uses WebKit and cannot be separated in the denominator),current releases,external_connect,declared_supported,"site copy promises play in the browser with Web Audio and Web MIDI and names no browsers (SRC-WEB-CODE: src/i18n/messages/en.json:77,132,195)",unverified,none,none,unknown,2026-09-30,Nothing was run on this combination for this feature.,TODO: Web MIDI exists in Chrome for Android (MDN BCD 43) but no Launchpad-over-USB run on Android Chrome exists.
WEB-PH-SAFARI:install,WEB-PH-SAFARI,web,phone,Safari on iOS,current releases,install,not_applicable,no install; the player runs in the page (src/i18n/messages/en.json:144),not_applicable,none,none,unknown,2026-09-30,Not applicable.,The web player has no install step. TODO: check the PWA manifest (public/manifest.json) installs on each browser only if that is ever promised.
WEB-PH-SAFARI:open_pack,WEB-PH-SAFARI,web,phone,Safari on iOS,current releases,open_pack,declared_supported,"site copy promises play in the browser with Web Audio and Web MIDI and names no browsers (SRC-WEB-CODE: src/i18n/messages/en.json:77,132,195)",unverified,none,EV-WEB-60999e7a-0926,unknown,2026-09-26,Nothing was run on this combination for this feature.,"TODO: a WebKit engine build at a mocked 390x844 width was run only for site pages, not for play (device record 60999e7a); Safari on an iPhone never."
WEB-PH-SAFARI:sound,WEB-PH-SAFARI,web,phone,Safari on iOS,current releases,sound,declared_supported,"site copy promises play in the browser with Web Audio and Web MIDI and names no browsers (SRC-WEB-CODE: src/i18n/messages/en.json:77,132,195)",unverified,none,EV-WEB-60999e7a-0926,unknown,2026-09-26,Nothing was run on this combination for this feature.,"TODO: a WebKit engine build at a mocked 390x844 width was run only for site pages, not for play (device record 60999e7a); Safari on an iPhone never."
WEB-PH-SAFARI:led,WEB-PH-SAFARI,web,phone,Safari on iOS,current releases,led,declared_supported,"site copy promises play in the browser with Web Audio and Web MIDI and names no browsers (SRC-WEB-CODE: src/i18n/messages/en.json:77,132,195)",unverified,none,EV-WEB-60999e7a-0926,unknown,2026-09-26,Nothing was run on this combination for this feature.,"TODO: a WebKit engine build at a mocked 390x844 width was run only for site pages, not for play (device record 60999e7a); Safari on an iPhone never."
WEB-PH-SAFARI:rotation,WEB-PH-SAFARI,web,phone,Safari on iOS,current releases,rotation,declared_supported,"site copy promises play in the browser with Web Audio and Web MIDI and names no browsers (SRC-WEB-CODE: src/i18n/messages/en.json:77,132,195)",unverified,none,EV-WEB-60999e7a-0926,unknown,2026-09-26,Nothing was run on this combination for this feature.,"TODO: a WebKit engine build at a mocked 390x844 width was run only for site pages, not for play (device record 60999e7a); Safari on an iPhone never."
WEB-PH-SAFARI:external_connect,WEB-PH-SAFARI,web,phone,Safari on iOS,current releases,external_connect,declared_supported,"site copy promises play in the browser with Web Audio and Web MIDI and names no browsers (SRC-WEB-CODE: src/i18n/messages/en.json:77,132,195)",source_only,none,FACTS-MDN-BCD,unknown,2026-09-30,Nothing was run; read from published browser data (MDN browser-compat-data 8.1.3).,"TODO: MDN BCD 8.1.3 lists requestMIDIAccess as unsupported in Safari and Safari on iOS, while site copy promises Web MIDI in the browser and the player shows no browser-specific message; confirm in real Safari and let the owner decide the copy."
WEB-PH-SAMSUNG:install,WEB-PH-SAMSUNG,web,phone,Samsung Internet,current releases,install,not_applicable,no install; the player runs in the page (src/i18n/messages/en.json:144),not_applicable,none,none,unknown,2026-09-30,Not applicable.,The web player has no install step. TODO: check the PWA manifest (public/manifest.json) installs on each browser only if that is ever promised.
WEB-PH-SAMSUNG:open_pack,WEB-PH-SAMSUNG,web,phone,Samsung Internet,current releases,open_pack,declared_supported,"site copy promises play in the browser with Web Audio and Web MIDI and names no browsers (SRC-WEB-CODE: src/i18n/messages/en.json:77,132,195)",unverified,none,none,unknown,2026-09-30,Nothing was run on this combination for this feature.,TODO: never run in this browser/OS.
WEB-PH-SAMSUNG:sound,WEB-PH-SAMSUNG,web,phone,Samsung Internet,current releases,sound,declared_supported,"site copy promises play in the browser with Web Audio and Web MIDI and names no browsers (SRC-WEB-CODE: src/i18n/messages/en.json:77,132,195)",unverified,none,none,unknown,2026-09-30,Nothing was run on this combination for this feature.,TODO: never run in this browser/OS.
WEB-PH-SAMSUNG:led,WEB-PH-SAMSUNG,web,phone,Samsung Internet,current releases,led,declared_supported,"site copy promises play in the browser with Web Audio and Web MIDI and names no browsers (SRC-WEB-CODE: src/i18n/messages/en.json:77,132,195)",unverified,none,none,unknown,2026-09-30,Nothing was run on this combination for this feature.,TODO: never run in this browser/OS.
WEB-PH-SAMSUNG:rotation,WEB-PH-SAMSUNG,web,phone,Samsung Internet,current releases,rotation,declared_supported,"site copy promises play in the browser with Web Audio and Web MIDI and names no browsers (SRC-WEB-CODE: src/i18n/messages/en.json:77,132,195)",unverified,none,none,unknown,2026-09-30,Nothing was run on this combination for this feature.,TODO: never run in this browser/OS.
WEB-PH-SAMSUNG:external_connect,WEB-PH-SAMSUNG,web,phone,Samsung Internet,current releases,external_connect,declared_supported,"site copy promises play in the browser with Web Audio and Web MIDI and names no browsers (SRC-WEB-CODE: src/i18n/messages/en.json:77,132,195)",unverified,none,none,unknown,2026-09-30,Nothing was run on this combination for this feature.,TODO: never run in this browser/OS.
WEB-PH-FIREFOX:install,WEB-PH-FIREFOX,web,phone,"Firefox (Android, iOS)",current releases,install,not_applicable,no install; the player runs in the page (src/i18n/messages/en.json:144),not_applicable,none,none,unknown,2026-09-30,Not applicable.,The web player has no install step. TODO: check the PWA manifest (public/manifest.json) installs on each browser only if that is ever promised.
WEB-PH-FIREFOX:open_pack,WEB-PH-FIREFOX,web,phone,"Firefox (Android, iOS)",current releases,open_pack,declared_supported,"site copy promises play in the browser with Web Audio and Web MIDI and names no browsers (SRC-WEB-CODE: src/i18n/messages/en.json:77,132,195)",unverified,none,none,unknown,2026-09-30,Nothing was run on this combination for this feature.,TODO: never run in this browser/OS.
WEB-PH-FIREFOX:sound,WEB-PH-FIREFOX,web,phone,"Firefox (Android, iOS)",current releases,sound,declared_supported,"site copy promises play in the browser with Web Audio and Web MIDI and names no browsers (SRC-WEB-CODE: src/i18n/messages/en.json:77,132,195)",unverified,none,none,unknown,2026-09-30,Nothing was run on this combination for this feature.,TODO: never run in this browser/OS.
WEB-PH-FIREFOX:led,WEB-PH-FIREFOX,web,phone,"Firefox (Android, iOS)",current releases,led,declared_supported,"site copy promises play in the browser with Web Audio and Web MIDI and names no browsers (SRC-WEB-CODE: src/i18n/messages/en.json:77,132,195)",unverified,none,none,unknown,2026-09-30,Nothing was run on this combination for this feature.,TODO: never run in this browser/OS.
WEB-PH-FIREFOX:rotation,WEB-PH-FIREFOX,web,phone,"Firefox (Android, iOS)",current releases,rotation,declared_supported,"site copy promises play in the browser with Web Audio and Web MIDI and names no browsers (SRC-WEB-CODE: src/i18n/messages/en.json:77,132,195)",unverified,none,none,unknown,2026-09-30,Nothing was run on this combination for this feature.,TODO: never run in this browser/OS.
WEB-PH-FIREFOX:external_connect,WEB-PH-FIREFOX,web,phone,"Firefox (Android, iOS)",current releases,external_connect,declared_supported,"site copy promises play in the browser with Web Audio and Web MIDI and names no browsers (SRC-WEB-CODE: src/i18n/messages/en.json:77,132,195)",source_only,none,FACTS-MDN-BCD,unknown,2026-09-30,Nothing was run; read from published browser data (MDN browser-compat-data 8.1.3).,TODO: MDN BCD 8.1.3 lists requestMIDIAccess as unsupported in Firefox for Android; site copy still promises Web MIDI.
WEB-TB-CHROME:install,WEB-TB-CHROME,web,tablet,Chrome (Android tablet; Chrome on iPad uses WebKit),current releases,install,not_applicable,no install; the player runs in the page (src/i18n/messages/en.json:144),not_applicable,none,none,unknown,2026-09-30,Not applicable.,The web player has no install step. TODO: check the PWA manifest (public/manifest.json) installs on each browser only if that is ever promised.
WEB-TB-CHROME:open_pack,WEB-TB-CHROME,web,tablet,Chrome (Android tablet; Chrome on iPad uses WebKit),current releases,open_pack,declared_supported,"site copy promises play in the browser with Web Audio and Web MIDI and names no browsers (SRC-WEB-CODE: src/i18n/messages/en.json:77,132,195)",viewport_only,viewport,EV-WEB-20260930-tablet-1024x768;EV-WEB-20260930-tablet-834x1194,yes,2026-09-30,"Playwright Chromium, headless, on a macOS computer, a mocked 1024x768 and 834x1194 window with touch events sent through the DevTools protocol. This is a window size, not a tablet, and not Chrome for Android. In landscape: Faded.zip imported and 64 pads shown.",A mocked width never counts for a tablet. TODO: run in Chrome on a physical Android tablet.
WEB-TB-CHROME:sound,WEB-TB-CHROME,web,tablet,Chrome (Android tablet; Chrome on iPad uses WebKit),current releases,sound,declared_supported,"site copy promises play in the browser with Web Audio and Web MIDI and names no browsers (SRC-WEB-CODE: src/i18n/messages/en.json:77,132,195)",viewport_only,viewport,EV-WEB-20260930-tablet-1024x768;EV-WEB-20260930-tablet-834x1194,yes,2026-09-30,"Playwright Chromium, headless, on a macOS computer, a mocked 1024x768 and 834x1194 window with touch events sent through the DevTools protocol. This is a window size, not a tablet, and not Chrome for Android. In landscape: one AudioBufferSource start counted with the audio context running; output muted, nothing heard.",A mocked width never counts for a tablet. TODO: run in Chrome on a physical Android tablet.
WEB-TB-CHROME:led,WEB-TB-CHROME,web,tablet,Chrome (Android tablet; Chrome on iPad uses WebKit),current releases,led,declared_supported,"site copy promises play in the browser with Web Audio and Web MIDI and names no browsers (SRC-WEB-CODE: src/i18n/messages/en.json:77,132,195)",viewport_only,viewport,EV-WEB-20260930-tablet-1024x768;EV-WEB-20260930-tablet-834x1194,yes,2026-09-30,"Playwright Chromium, headless, on a macOS computer, a mocked 1024x768 and 834x1194 window with touch events sent through the DevTools protocol. This is a window size, not a tablet, and not Chrome for Android. In landscape: 3 pads lit while one pad was held.",A mocked width never counts for a tablet. TODO: run in Chrome on a physical Android tablet.
WEB-TB-CHROME:rotation,WEB-TB-CHROME,web,tablet,Chrome (Android tablet; Chrome on iPad uses WebKit),current releases,rotation,declared_supported,"site copy promises play in the browser with Web Audio and Web MIDI and names no browsers (SRC-WEB-CODE: src/i18n/messages/en.json:77,132,195)",viewport_only,viewport,EV-WEB-20260930-tablet-1024x768;EV-WEB-20260930-tablet-834x1194,yes,2026-09-30,"Playwright Chromium, headless, on a macOS computer, a mocked 1024x768 and 834x1194 window with touch events sent through the DevTools protocol. This is a window size, not a tablet, and not Chrome for Android. Flipping the window showed the rotate hint in portrait only and kept the 64 pads; pads played again in landscape.","A mocked width never counts for a tablet; the orientation lock call was not exercised. Observed: the rotate hint covers the pads in portrait at every width run, 768 and 834 px included, and taps do nothing until landscape. TODO: run in Chrome on a physical Android tablet."
WEB-TB-CHROME:external_connect,WEB-TB-CHROME,web,tablet,Chrome (Android tablet; Chrome on iPad uses WebKit),current releases,external_connect,declared_supported,"site copy promises play in the browser with Web Audio and Web MIDI and names no browsers (SRC-WEB-CODE: src/i18n/messages/en.json:77,132,195)",unverified,none,none,unknown,2026-09-30,Nothing was run on this combination for this feature.,TODO: Web MIDI exists in Chrome for Android (MDN BCD 43) but no Launchpad-over-USB run on Android Chrome exists.
WEB-TB-SAFARI:install,WEB-TB-SAFARI,web,tablet,Safari on iPadOS,current releases,install,not_applicable,no install; the player runs in the page (src/i18n/messages/en.json:144),not_applicable,none,none,unknown,2026-09-30,Not applicable.,The web player has no install step. TODO: check the PWA manifest (public/manifest.json) installs on each browser only if that is ever promised.
WEB-TB-SAFARI:open_pack,WEB-TB-SAFARI,web,tablet,Safari on iPadOS,current releases,open_pack,declared_supported,"site copy promises play in the browser with Web Audio and Web MIDI and names no browsers (SRC-WEB-CODE: src/i18n/messages/en.json:77,132,195)",unverified,none,none,unknown,2026-09-30,Nothing was run on this combination for this feature.,TODO: never run in this browser/OS.
WEB-TB-SAFARI:sound,WEB-TB-SAFARI,web,tablet,Safari on iPadOS,current releases,sound,declared_supported,"site copy promises play in the browser with Web Audio and Web MIDI and names no browsers (SRC-WEB-CODE: src/i18n/messages/en.json:77,132,195)",unverified,none,none,unknown,2026-09-30,Nothing was run on this combination for this feature.,TODO: never run in this browser/OS.
WEB-TB-SAFARI:led,WEB-TB-SAFARI,web,tablet,Safari on iPadOS,current releases,led,declared_supported,"site copy promises play in the browser with Web Audio and Web MIDI and names no browsers (SRC-WEB-CODE: src/i18n/messages/en.json:77,132,195)",unverified,none,none,unknown,2026-09-30,Nothing was run on this combination for this feature.,TODO: never run in this browser/OS.
WEB-TB-SAFARI:rotation,WEB-TB-SAFARI,web,tablet,Safari on iPadOS,current releases,rotation,declared_supported,"site copy promises play in the browser with Web Audio and Web MIDI and names no browsers (SRC-WEB-CODE: src/i18n/messages/en.json:77,132,195)",unverified,none,none,unknown,2026-09-30,Nothing was run on this combination for this feature.,TODO: never run in this browser/OS.
WEB-TB-SAFARI:external_connect,WEB-TB-SAFARI,web,tablet,Safari on iPadOS,current releases,external_connect,declared_supported,"site copy promises play in the browser with Web Audio and Web MIDI and names no browsers (SRC-WEB-CODE: src/i18n/messages/en.json:77,132,195)",source_only,none,FACTS-MDN-BCD,unknown,2026-09-30,Nothing was run; read from published browser data (MDN browser-compat-data 8.1.3).,"TODO: MDN BCD 8.1.3 lists requestMIDIAccess as unsupported in Safari and Safari on iOS, while site copy promises Web MIDI in the browser and the player shows no browser-specific message; confirm in real Safari and let the owner decide the copy."
WEB-TB-SAMSUNG:install,WEB-TB-SAMSUNG,web,tablet,Samsung Internet,current releases,install,not_applicable,no install; the player runs in the page (src/i18n/messages/en.json:144),not_applicable,none,none,unknown,2026-09-30,Not applicable.,The web player has no install step. TODO: check the PWA manifest (public/manifest.json) installs on each browser only if that is ever promised.
WEB-TB-SAMSUNG:open_pack,WEB-TB-SAMSUNG,web,tablet,Samsung Internet,current releases,open_pack,declared_supported,"site copy promises play in the browser with Web Audio and Web MIDI and names no browsers (SRC-WEB-CODE: src/i18n/messages/en.json:77,132,195)",unverified,none,none,unknown,2026-09-30,Nothing was run on this combination for this feature.,TODO: never run in this browser/OS.
WEB-TB-SAMSUNG:sound,WEB-TB-SAMSUNG,web,tablet,Samsung Internet,current releases,sound,declared_supported,"site copy promises play in the browser with Web Audio and Web MIDI and names no browsers (SRC-WEB-CODE: src/i18n/messages/en.json:77,132,195)",unverified,none,none,unknown,2026-09-30,Nothing was run on this combination for this feature.,TODO: never run in this browser/OS.
WEB-TB-SAMSUNG:led,WEB-TB-SAMSUNG,web,tablet,Samsung Internet,current releases,led,declared_supported,"site copy promises play in the browser with Web Audio and Web MIDI and names no browsers (SRC-WEB-CODE: src/i18n/messages/en.json:77,132,195)",unverified,none,none,unknown,2026-09-30,Nothing was run on this combination for this feature.,TODO: never run in this browser/OS.
WEB-TB-SAMSUNG:rotation,WEB-TB-SAMSUNG,web,tablet,Samsung Internet,current releases,rotation,declared_supported,"site copy promises play in the browser with Web Audio and Web MIDI and names no browsers (SRC-WEB-CODE: src/i18n/messages/en.json:77,132,195)",unverified,none,none,unknown,2026-09-30,Nothing was run on this combination for this feature.,TODO: never run in this browser/OS.
WEB-TB-SAMSUNG:external_connect,WEB-TB-SAMSUNG,web,tablet,Samsung Internet,current releases,external_connect,declared_supported,"site copy promises play in the browser with Web Audio and Web MIDI and names no browsers (SRC-WEB-CODE: src/i18n/messages/en.json:77,132,195)",unverified,none,none,unknown,2026-09-30,Nothing was run on this combination for this feature.,TODO: never run in this browser/OS.
WEB-TB-FIREFOX:install,WEB-TB-FIREFOX,web,tablet,"Firefox (Android, iPadOS)",current releases,install,not_applicable,no install; the player runs in the page (src/i18n/messages/en.json:144),not_applicable,none,none,unknown,2026-09-30,Not applicable.,The web player has no install step. TODO: check the PWA manifest (public/manifest.json) installs on each browser only if that is ever promised.
WEB-TB-FIREFOX:open_pack,WEB-TB-FIREFOX,web,tablet,"Firefox (Android, iPadOS)",current releases,open_pack,declared_supported,"site copy promises play in the browser with Web Audio and Web MIDI and names no browsers (SRC-WEB-CODE: src/i18n/messages/en.json:77,132,195)",unverified,none,none,unknown,2026-09-30,Nothing was run on this combination for this feature.,TODO: never run in this browser/OS.
WEB-TB-FIREFOX:sound,WEB-TB-FIREFOX,web,tablet,"Firefox (Android, iPadOS)",current releases,sound,declared_supported,"site copy promises play in the browser with Web Audio and Web MIDI and names no browsers (SRC-WEB-CODE: src/i18n/messages/en.json:77,132,195)",unverified,none,none,unknown,2026-09-30,Nothing was run on this combination for this feature.,TODO: never run in this browser/OS.
WEB-TB-FIREFOX:led,WEB-TB-FIREFOX,web,tablet,"Firefox (Android, iPadOS)",current releases,led,declared_supported,"site copy promises play in the browser with Web Audio and Web MIDI and names no browsers (SRC-WEB-CODE: src/i18n/messages/en.json:77,132,195)",unverified,none,none,unknown,2026-09-30,Nothing was run on this combination for this feature.,TODO: never run in this browser/OS.
WEB-TB-FIREFOX:rotation,WEB-TB-FIREFOX,web,tablet,"Firefox (Android, iPadOS)",current releases,rotation,declared_supported,"site copy promises play in the browser with Web Audio and Web MIDI and names no browsers (SRC-WEB-CODE: src/i18n/messages/en.json:77,132,195)",unverified,none,none,unknown,2026-09-30,Nothing was run on this combination for this feature.,TODO: never run in this browser/OS.
WEB-TB-FIREFOX:external_connect,WEB-TB-FIREFOX,web,tablet,"Firefox (Android, iPadOS)",current releases,external_connect,declared_supported,"site copy promises play in the browser with Web Audio and Web MIDI and names no browsers (SRC-WEB-CODE: src/i18n/messages/en.json:77,132,195)",source_only,none,FACTS-MDN-BCD,unknown,2026-09-30,Nothing was run; read from published browser data (MDN browser-compat-data 8.1.3).,TODO: MDN BCD 8.1.3 lists requestMIDIAccess as unsupported in Firefox for Android; site copy still promises Web MIDI.
